Run,Assay Type,AvgSpotLen,Bases,BioProject,BioSample,BioSampleModel,Bytes,Center Name,Collection_Date,Consent,DATASTORE filetype,DATASTORE provider,DATASTORE region,env_biome,env_feature,env_material,Experiment,geo_loc_name_country,geo_loc_name_country_continent,geo_loc_name,Host,Instrument,lat_lon,Library Name,LibraryLayout,LibrarySelection,LibrarySource,Organism,Platform,ReleaseDate,Replicate,Sample Name,SRA Study
SRR6915091,WGS,198,3192490905,PRJNA447983,SAMN08813994,"MIMS.me,MIGS/MIMS/MIMARKS.human-gut",1558295242,ANDREWMALTEZTHOMAS@GMAIL.COM'S SHARED SUBMISSIONS,2017-02-12,public,"sra,fastq","s3,ncbi,gs","gs.US,s3.us-east-1,ncbi.public",human,digestive system,stool,SRX3862919,Italy,Europe,Italy: Vercelli,Homo sapiens,Illumina HiSeq 2500,45.312990 N 8.422263 E,VF114,PAIRED,RANDOM,METAGENOMIC,human gut metagenome,ILLUMINA,2018-08-14T00:00:00Z,replicate = biological replicate 75,VF114,SRP136711
SRR6915098,WGS,198,9415204354,PRJNA447983,SAMN08814033,"MIMS.me,MIGS/MIMS/MIMARKS.human-gut",4552374933,ANDREWMALTEZTHOMAS@GMAIL.COM'S SHARED SUBMISSIONS,2017-02-12,public,"fastq,sra","ncbi,s3,gs","gs.US,ncbi.public,s3.us-east-1",human,digestive system,stool,SRX3862912,Italy,Europe,Italy: Vercelli,Homo sapiens,Illumina HiSeq 2500,45.312990 N 8.422263 E,VF208,PAIRED,RANDOM,METAGENOMIC,human gut metagenome,ILLUMINA,2018-08-14T00:00:00Z,replicate = biological replicate 114,VF208,SRP136711
SRR6915100,WGS,198,8069908204,PRJNA447983,SAMN08814043,"MIMS.me,MIGS/MIMS/MIMARKS.human-gut",3825673547,ANDREWMALTEZTHOMAS@GMAIL.COM'S SHARED SUBMISSIONS,2017-02-12,public,"fastq,sra","s3,gs,ncbi","gs.US,s3.us-east-1,ncbi.public",human,digestive system,stool,SRX3862910,Italy,Europe,Italy: Vercelli,Homo sapiens,Illumina HiSeq 2500,45.312990 N 8.422263 E,VF206,PAIRED,RANDOM,METAGENOMIC,human gut metagenome,ILLUMINA,2018-08-14T00:00:00Z,replicate = biological replicate 124,VF206,SRP136711
SRR6915105,WGS,198,3006599760,PRJNA447983,SAMN08813975,"MIMS.me,MIGS/MIMS/MIMARKS.human-gut",1463042809,ANDREWMALTEZTHOMAS@GMAIL.COM'S SHARED SUBMISSIONS,2016-01-11,public,"fastq,sra","ncbi,gs,s3","ncbi.public,gs.US,s3.us-east-1",human,digestive system,stool,SRX3862905,Italy,Europe,Italy: Milan,Homo sapiens,Illumina HiSeq 2500,45.414028 N 9.208268 E,SBJ25C,PAIRED,RANDOM,METAGENOMIC,human gut metagenome,ILLUMINA,2018-08-14T00:00:00Z,replicate = biological replicate 56,SBJ25C,SRP136711
SRR6915107,WGS,198,2249748272,PRJNA447983,SAMN08813949,"MIMS.me,MIGS/MIMS/MIMARKS.human-gut",1080604060,ANDREWMALTEZTHOMAS@GMAIL.COM'S SHARED SUBMISSIONS,2016-01-11,public,"fastq,sra","s3,ncbi,gs","gs.US,ncbi.public,s3.us-east-1",human,digestive system,stool,SRX3862903,Italy,Europe,Italy: Milan,Homo sapiens,Illumina HiSeq 2500,45.414028 N 9.208268 E,SBJ22C,PAIRED,RANDOM,METAGENOMIC,human gut metagenome,ILLUMINA,2018-08-14T00:00:00Z,replicate = biological replicate 30,SBJ22C,SRP136711
SRR6915110,WGS,198,2634209575,PRJNA447983,SAMN08813964,"MIMS.me,MIGS/MIMS/MIMARKS.human-gut",1265839941,ANDREWMALTEZTHOMAS@GMAIL.COM'S SHARED SUBMISSIONS,2016-01-11,public,"sra,fastq","ncbi,gs,s3","ncbi.public,gs.US,s3.us-east-1",human,digestive system,stool,SRX3862900,Italy,Europe,Italy: Milan,Homo sapiens,Illumina HiSeq 2500,45.414028 N 9.208268 E,SBJ18H,PAIRED,RANDOM,METAGENOMIC,human gut metagenome,ILLUMINA,2018-08-14T00:00:00Z,replicate = biological replicate 45,SBJ18H,SRP136711
SRR6915112,WGS,198,4232924418,PRJNA447983,SAMN08813923,"MIMS.me,MIGS/MIMS/MIMARKS.human-gut",2037754787,ANDREWMALTEZTHOMAS@GMAIL.COM'S SHARED SUBMISSIONS,2016-01-11,public,"sra,fastq","gs,ncbi,s3","ncbi.public,gs.US,s3.us-east-1",human,digestive system,stool,SRX3862898,Italy,Europe,Italy: Milan,Homo sapiens,Illumina HiSeq 2500,45.414028 N 9.208268 E,SBJ16H,PAIRED,RANDOM,METAGENOMIC,human gut metagenome,ILLUMINA,2018-08-14T00:00:00Z,replicate = biological replicate 4,SBJ16H,SRP136711
SRR6915117,WGS,198,4594875126,PRJNA447983,SAMN08813947,"MIMS.me,MIGS/MIMS/MIMARKS.human-gut",2274674181,ANDREWMALTEZTHOMAS@GMAIL.COM'S SHARED SUBMISSIONS,2016-01-11,public,"sra,fastq","gs,s3,ncbi","s3.us-east-1,ncbi.public,gs.US",human,digestive system,stool,SRX3862893,Italy,Europe,Italy: Milan,Homo sapiens,Illumina HiSeq 2500,45.414028 N 9.208268 E,SBJ73H,PAIRED,RANDOM,METAGENOMIC,human gut metagenome,ILLUMINA,2018-08-14T00:00:00Z,replicate = biological replicate 28,SBJ73H,SRP136711
SRR6915119,WGS,198,4080726893,PRJNA447983,SAMN08813999,"MIMS.me,MIGS/MIMS/MIMARKS.human-gut",2016017530,ANDREWMALTEZTHOMAS@GMAIL.COM'S SHARED SUBMISSIONS,2017-02-12,public,"sra,fastq","ncbi,s3,gs","gs.US,s3.us-east-1,ncbi.public",human,digestive system,stool,SRX3862891,Italy,Europe,Italy: Vercelli,Homo sapiens,Illumina HiSeq 2500,45.312990 N 8.422263 E,VF174,PAIRED,RANDOM,METAGENOMIC,human gut metagenome,ILLUMINA,2018-08-14T00:00:00Z,replicate = biological replicate 80,VF174,SRP136711
SRR6915121,WGS,198,7513810634,PRJNA447983,SAMN08814057,"MIMS.me,MIGS/MIMS/MIMARKS.human-gut",3736251381,ANDREWMALTEZTHOMAS@GMAIL.COM'S SHARED SUBMISSIONS,2017-02-12,public,"sra,fastq","ncbi,gs,s3","gs.US,ncbi.public,s3.us-east-1",human,digestive system,stool,SRX3862889,Italy,Europe,Italy: Vercelli,Homo sapiens,Illumina HiSeq 2500,45.312990 N 8.422263 E,VF189,PAIRED,RANDOM,METAGENOMIC,human gut metagenome,ILLUMINA,2018-08-14T00:00:00Z,replicate = biological replicate 138,VF189,SRP136711
SRR6915125,WGS,198,6000296678,PRJNA447983,SAMN08813930,"MIMS.me,MIGS/MIMS/MIMARKS.human-gut",2900719378,ANDREWMALTEZTHOMAS@GMAIL.COM'S SHARED SUBMISSIONS,2016-01-11,public,"sra,fastq","s3,gs,ncbi","gs.US,ncbi.public,s3.us-east-1",human,digestive system,stool,SRX3862885,Italy,Europe,Italy: Milan,Homo sapiens,Illumina HiSeq 2500,45.414028 N 9.208268 E,SBJ61C,PAIRED,RANDOM,METAGENOMIC,human gut metagenome,ILLUMINA,2018-08-14T00:00:00Z,replicate = biological replicate 11,SBJ61C,SRP136711
SRR6915127,WGS,198,5253305524,PRJNA447983,SAMN08813922,"MIMS.me,MIGS/MIMS/MIMARKS.human-gut",2600038669,ANDREWMALTEZTHOMAS@GMAIL.COM'S SHARED SUBMISSIONS,2016-01-11,public,"fastq,sra","gs,ncbi,s3","gs.US,ncbi.public,s3.us-east-1",human,digestive system,stool,SRX3862883,Italy,Europe,Italy: Milan,Homo sapiens,Illumina HiSeq 2500,45.414028 N 9.208268 E,SBJ50C,PAIRED,RANDOM,METAGENOMIC,human gut metagenome,ILLUMINA,2018-08-14T00:00:00Z,replicate = biological replicate 3,SBJ50C,SRP136711
SRR6915134,WGS,198,4371661312,PRJNA447983,SAMN08813979,"MIMS.me,MIGS/MIMS/MIMARKS.human-gut",2119172192,ANDREWMALTEZTHOMAS@GMAIL.COM'S SHARED SUBMISSIONS,2016-01-11,public,"fastq,sra","gs,ncbi,s3","s3.us-east-1,ncbi.public,gs.US",human,digestive system,stool,SRX3862876,Italy,Europe,Italy: Milan,Homo sapiens,Illumina HiSeq 2500,45.414028 N 9.208268 E,SBJ46H,PAIRED,RANDOM,METAGENOMIC,human gut metagenome,ILLUMINA,2018-08-14T00:00:00Z,replicate = biological replicate 60,SBJ46H,SRP136711
SRR6915136,WGS,198,4358937863,PRJNA447983,SAMN08813931,"MIMS.me,MIGS/MIMS/MIMARKS.human-gut",2131134166,ANDREWMALTEZTHOMAS@GMAIL.COM'S SHARED SUBMISSIONS,2016-01-11,public,"fastq,sra","ncbi,s3,gs","s3.us-east-1,ncbi.public,gs.US",human,digestive system,stool,SRX3862874,Italy,Europe,Italy: Milan,Homo sapiens,Illumina HiSeq 2500,45.414028 N 9.208268 E,SBJ53C,PAIRED,RANDOM,METAGENOMIC,human gut metagenome,ILLUMINA,2018-08-14T00:00:00Z,replicate = biological replicate 12,SBJ53C,SRP136711
SRR6915137,WGS,197,2582342536,PRJNA447983,SAMN08814017,"MIMS.me,MIGS/MIMS/MIMARKS.human-gut",1264602631,ANDREWMALTEZTHOMAS@GMAIL.COM'S SHARED SUBMISSIONS,2017-02-12,public,"fastq,sra","s3,ncbi,gs","gs.US,ncbi.public,s3.us-east-1",human,digestive system,stool,SRX3862873,Italy,Europe,Italy: Vercelli,Homo sapiens,Illumina HiSeq 2500,45.312990 N 8.422263 E,VF65,PAIRED,RANDOM,METAGENOMIC,human gut metagenome,ILLUMINA,2018-08-14T00:00:00Z,replicate = biological replicate 98,VF65,SRP136711
SRR6915143,WGS,198,2899983053,PRJNA447983,SAMN08814009,"MIMS.me,MIGS/MIMS/MIMARKS.human-gut",1420747119,ANDREWMALTEZTHOMAS@GMAIL.COM'S SHARED SUBMISSIONS,2017-02-12,public,"fastq,sra","ncbi,s3,gs","s3.us-east-1,ncbi.public,gs.US",human,digestive system,stool,SRX3862867,Italy,Europe,Italy: Vercelli,Homo sapiens,Illumina HiSeq 2500,45.312990 N 8.422263 E,VF38,PAIRED,RANDOM,METAGENOMIC,human gut metagenome,ILLUMINA,2018-08-14T00:00:00Z,replicate = biological replicate 90,VF38,SRP136711
SRR6915144,WGS,198,5283084792,PRJNA447983,SAMN08814010,"MIMS.me,MIGS/MIMS/MIMARKS.human-gut",2597820419,ANDREWMALTEZTHOMAS@GMAIL.COM'S SHARED SUBMISSIONS,2017-02-12,public,"sra,fastq","gs,s3,ncbi","gs.US,ncbi.public,s3.us-east-1",human,digestive system,stool,SRX3862866,Italy,Europe,Italy: Vercelli,Homo sapiens,Illumina HiSeq 2500,45.312990 N 8.422263 E,VF40,PAIRED,RANDOM,METAGENOMIC,human gut metagenome,ILLUMINA,2018-08-14T00:00:00Z,replicate = biological replicate 91,VF40,SRP136711
SRR6915146,WGS,199,7139890166,PRJNA447983,SAMN08814012,"MIMS.me,MIGS/MIMS/MIMARKS.human-gut",3437745984,ANDREWMALTEZTHOMAS@GMAIL.COM'S SHARED SUBMISSIONS,2017-02-12,public,"sra,fastq","s3,gs,ncbi","ncbi.public,gs.US,s3.us-east-1",human,digestive system,stool,SRX3862864,Italy,Europe,Italy: Vercelli,Homo sapiens,Illumina HiSeq 2500,45.312990 N 8.422263 E,VF47,PAIRED,RANDOM,METAGENOMIC,human gut metagenome,ILLUMINA,2018-08-14T00:00:00Z,replicate = biological replicate 93,VF47,SRP136711
SRR6915148,WGS,198,1003601057,PRJNA447983,SAMN08813927,"MIMS.me,MIGS/MIMS/MIMARKS.human-gut",480035294,ANDREWMALTEZTHOMAS@GMAIL.COM'S SHARED SUBMISSIONS,2016-01-11,public,"sra,fastq","ncbi,gs,s3","ncbi.public,gs.US,s3.us-east-1",human,digestive system,stool,SRX3862862,Italy,Europe,Italy: Milan,Homo sapiens,Illumina HiSeq 2500,45.414028 N 9.208268 E,SBJ37H,PAIRED,RANDOM,METAGENOMIC,human gut metagenome,ILLUMINA,2018-08-14T00:00:00Z,replicate = biological replicate 8,SBJ37H,SRP136711
SRR6915150,WGS,197,4061843135,PRJNA447983,SAMN08813951,"MIMS.me,MIGS/MIMS/MIMARKS.human-gut",1948920335,ANDREWMALTEZTHOMAS@GMAIL.COM'S SHARED SUBMISSIONS,2016-01-11,public,"sra,fastq","ncbi,s3,gs","ncbi.public,s3.us-east-1,gs.US",human,digestive system,stool,SRX3862860,Italy,Europe,Italy: Milan,Homo sapiens,Illumina HiSeq 2500,45.414028 N 9.208268 E,SBJ35C,PAIRED,RANDOM,METAGENOMIC,human gut metagenome,ILLUMINA,2018-08-14T00:00:00Z,replicate = biological replicate 32,SBJ35C,SRP136711
SRR6915151,WGS,198,3027512615,PRJNA447983,SAMN08813978,"MIMS.me,MIGS/MIMS/MIMARKS.human-gut",1461423553,ANDREWMALTEZTHOMAS@GMAIL.COM'S SHARED SUBMISSIONS,2016-01-11,public,"fastq,sra","ncbi,s3,gs","s3.us-east-1,ncbi.public,gs.US",human,digestive system,stool,SRX3862859,Italy,Europe,Italy: Milan,Homo sapiens,Illumina HiSeq 2500,45.414028 N 9.208268 E,SBJ32C,PAIRED,RANDOM,METAGENOMIC,human gut metagenome,ILLUMINA,2018-08-14T00:00:00Z,replicate = biological replicate 59,SBJ32C,SRP136711
SRR6915152,WGS,198,3940584384,PRJNA447983,SAMN08813934,"MIMS.me,MIGS/MIMS/MIMARKS.human-gut",1892449266,ANDREWMALTEZTHOMAS@GMAIL.COM'S SHARED SUBMISSIONS,2016-01-11,public,"sra,fastq","ncbi,gs,s3","s3.us-east-1,gs.US,ncbi.public",human,digestive system,stool,SRX3862858,Italy,Europe,Italy: Milan,Homo sapiens,Illumina HiSeq 2500,45.414028 N 9.208268 E,SBJ33C,PAIRED,RANDOM,METAGENOMIC,human gut metagenome,ILLUMINA,2018-08-14T00:00:00Z,replicate = biological replicate 15,SBJ33C,SRP136711
SRR6915154,WGS,198,1258441499,PRJNA447983,SAMN08813924,"MIMS.me,MIGS/MIMS/MIMARKS.human-gut",608118826,ANDREWMALTEZTHOMAS@GMAIL.COM'S SHARED SUBMISSIONS,2016-01-11,public,"fastq,sra","ncbi,gs,s3","gs.US,s3.us-east-1,ncbi.public",human,digestive system,stool,SRX3862856,Italy,Europe,Italy: Milan,Homo sapiens,Illumina HiSeq 2500,45.414028 N 9.208268 E,SBJ31C,PAIRED,RANDOM,METAGENOMIC,human gut metagenome,ILLUMINA,2018-08-14T00:00:00Z,replicate = biological replicate 5,SBJ31C,SRP136711
SRR6915155,WGS,198,2876292643,PRJNA447983,SAMN08813935,"MIMS.me,MIGS/MIMS/MIMARKS.human-gut",1379250415,ANDREWMALTEZTHOMAS@GMAIL.COM'S SHARED SUBMISSIONS,2016-01-11,public,"fastq,sra","ncbi,s3,gs","s3.us-east-1,ncbi.public,gs.US",human,digestive system,stool,SRX3862855,Italy,Europe,Italy: Milan,Homo sapiens,Illumina HiSeq 2500,45.414028 N 9.208268 E,SBJ39C,PAIRED,RANDOM,METAGENOMIC,human gut metagenome,ILLUMINA,2018-08-14T00:00:00Z,replicate = biological replicate 16,SBJ39C,SRP136711
SRR6915156,WGS,198,3348954723,PRJNA447983,SAMN08813941,"MIMS.me,MIGS/MIMS/MIMARKS.human-gut",1612614504,ANDREWMALTEZTHOMAS@GMAIL.COM'S SHARED SUBMISSIONS,2016-01-11,public,"sra,fastq","s3,gs,ncbi","s3.us-east-1,ncbi.public,gs.US",human,digestive system,stool,SRX3862854,Italy,Europe,Italy: Milan,Homo sapiens,Illumina HiSeq 2500,45.414028 N 9.208268 E,SBJ40C,PAIRED,RANDOM,METAGENOMIC,human gut metagenome,ILLUMINA,2018-08-14T00:00:00Z,replicate = biological replicate 22,SBJ40C,SRP136711
SRR6915157,WGS,198,3046780024,PRJNA447983,SAMN08814027,"MIMS.me,MIGS/MIMS/MIMARKS.human-gut",1469559084,ANDREWMALTEZTHOMAS@GMAIL.COM'S SHARED SUBMISSIONS,2017-02-12,public,"fastq,sra","ncbi,gs,s3","gs.US,ncbi.public,s3.us-east-1",human,digestive system,stool,SRX3862853,Italy,Europe,Italy: Vercelli,Homo sapiens,Illumina HiSeq 2500,45.312990 N 8.422263 E,VF97,PAIRED,RANDOM,METAGENOMIC,human gut metagenome,ILLUMINA,2018-08-14T00:00:00Z,replicate = biological replicate 108,VF97,SRP136711
SRR6915160,WGS,198,3767584131,PRJNA447983,SAMN08814021,"MIMS.me,MIGS/MIMS/MIMARKS.human-gut",1916865979,ANDREWMALTEZTHOMAS@GMAIL.COM'S SHARED SUBMISSIONS,2017-02-12,public,"sra,fastq","s3,ncbi,gs","s3.us-east-1,ncbi.public,gs.US",human,digestive system,stool,SRX3862850,Italy,Europe,Italy: Vercelli,Homo sapiens,Illumina HiSeq 2500,45.312990 N 8.422263 E,VF71,PAIRED,RANDOM,METAGENOMIC,human gut metagenome,ILLUMINA,2018-08-14T00:00:00Z,replicate = biological replicate 102,VF71,SRP136711
SRR6915162,WGS,198,5632484294,PRJNA447983,SAMN08814019,"MIMS.me,MIGS/MIMS/MIMARKS.human-gut",2709571472,ANDREWMALTEZTHOMAS@GMAIL.COM'S SHARED SUBMISSIONS,2017-02-12,public,"sra,fastq","s3,ncbi,gs","ncbi.public,s3.us-east-1,gs.US",human,digestive system,stool,SRX3862848,Italy,Europe,Italy: Vercelli,Homo sapiens,Illumina HiSeq 2500,45.312990 N 8.422263 E,VF69,PAIRED,RANDOM,METAGENOMIC,human gut metagenome,ILLUMINA,2018-08-14T00:00:00Z,replicate = biological replicate 100,VF69,SRP136711
SRR6915163,WGS,198,3460005865,PRJNA447983,SAMN08814025,"MIMS.me,MIGS/MIMS/MIMARKS.human-gut",1651625777,ANDREWMALTEZTHOMAS@GMAIL.COM'S SHARED SUBMISSIONS,2017-02-12,public,"fastq,sra","s3,gs,ncbi","ncbi.public,gs.US,s3.us-east-1",human,digestive system,stool,SRX3862847,Italy,Europe,Italy: Vercelli,Homo sapiens,Illumina HiSeq 2500,45.312990 N 8.422263 E,VF90,PAIRED,RANDOM,METAGENOMIC,human gut metagenome,ILLUMINA,2018-08-14T00:00:00Z,replicate = biological replicate 106,VF90,SRP136711
SRR6915165,WGS,198,2207785059,PRJNA447983,SAMN08814059,"MIMS.me,MIGS/MIMS/MIMARKS.human-gut",1069955095,ANDREWMALTEZTHOMAS@GMAIL.COM'S SHARED SUBMISSIONS,2017-02-12,public,"fastq,sra","ncbi,gs,s3","s3.us-east-1,ncbi.public,gs.US",human,digestive system,stool,SRX3862845,Italy,Europe,Italy: Vercelli,Homo sapiens,Illumina HiSeq 2500,45.312990 N 8.422263 E,VF82,PAIRED,RANDOM,METAGENOMIC,human gut metagenome,ILLUMINA,2018-08-14T00:00:00Z,replicate = biological replicate 140,VF82,SRP136711
SRR6915172,WGS,198,5440126805,PRJNA447983,SAMN08813948,"MIMS.me,MIGS/MIMS/MIMARKS.human-gut",2673731577,ANDREWMALTEZTHOMAS@GMAIL.COM'S SHARED SUBMISSIONS,2016-01-11,public,"fastq,sra","s3,gs,ncbi","s3.us-east-1,gs.US,ncbi.public",human,digestive system,stool,SRX3862838,Italy,Europe,Italy: Milan,Homo sapiens,Illumina HiSeq 2500,45.414028 N 9.208268 E,SBJ81H,PAIRED,RANDOM,METAGENOMIC,human gut metagenome,ILLUMINA,2018-08-14T00:00:00Z,replicate = biological replicate 29,SBJ81H,SRP136711
SRR6915174,WGS,198,3359472429,PRJNA447983,SAMN08813977,"MIMS.me,MIGS/MIMS/MIMARKS.human-gut",1640468185,ANDREWMALTEZTHOMAS@GMAIL.COM'S SHARED SUBMISSIONS,2016-01-11,public,"sra,fastq","s3,gs,ncbi","s3.us-east-1,gs.US,ncbi.public",human,digestive system,stool,SRX3862836,Italy,Europe,Italy: Milan,Homo sapiens,Illumina HiSeq 2500,45.414028 N 9.208268 E,SBJ79H,PAIRED,RANDOM,METAGENOMIC,human gut metagenome,ILLUMINA,2018-08-14T00:00:00Z,replicate = biological replicate 58,SBJ79H,SRP136711
SRR6915176,WGS,198,2383140130,PRJNA447983,SAMN08813933,"MIMS.me,MIGS/MIMS/MIMARKS.human-gut",1160142444,ANDREWMALTEZTHOMAS@GMAIL.COM'S SHARED SUBMISSIONS,2016-01-11,public,"sra,fastq","ncbi,s3,gs","gs.US,s3.us-east-1,ncbi.public",human,digestive system,stool,SRX3862834,Italy,Europe,Italy: Milan,Homo sapiens,Illumina HiSeq 2500,45.414028 N 9.208268 E,SBJ83H,PAIRED,RANDOM,METAGENOMIC,human gut metagenome,ILLUMINA,2018-08-14T00:00:00Z,replicate = biological replicate 14,SBJ83H,SRP136711
SRR6915179,WGS,197,5776048618,PRJNA447983,SAMN08813966,"MIMS.me,MIGS/MIMS/MIMARKS.human-gut",2745374527,ANDREWMALTEZTHOMAS@GMAIL.COM'S SHARED SUBMISSIONS,2016-01-11,public,"sra,fastq","s3,gs,ncbi","ncbi.public,s3.us-east-1,gs.US",human,digestive system,stool,SRX3862831,Italy,Europe,Italy: Milan,Homo sapiens,Illumina HiSeq 2500,45.414028 N 9.208268 E,SBJ06C,PAIRED,RANDOM,METAGENOMIC,human gut metagenome,ILLUMINA,2018-08-14T00:00:00Z,replicate = biological replicate 47,SBJ06C,SRP136711
SRR6915181,WGS,198,4727806502,PRJNA447983,SAMN08813938,"MIMS.me,MIGS/MIMS/MIMARKS.human-gut",2269208448,ANDREWMALTEZTHOMAS@GMAIL.COM'S SHARED SUBMISSIONS,2016-01-11,public,"sra,fastq","s3,ncbi,gs","s3.us-east-1,gs.US,ncbi.public",human,digestive system,stool,SRX3862829,Italy,Europe,Italy: Milan,Homo sapiens,Illumina HiSeq 2500,45.414028 N 9.208268 E,SBJ10C,PAIRED,RANDOM,METAGENOMIC,human gut metagenome,ILLUMINA,2018-08-14T00:00:00Z,replicate = biological replicate 19,SBJ10C,SRP136711
SRR6915182,WGS,198,5789596185,PRJNA447983,SAMN08813958,"MIMS.me,MIGS/MIMS/MIMARKS.human-gut",2779213404,ANDREWMALTEZTHOMAS@GMAIL.COM'S SHARED SUBMISSIONS,2016-01-11,public,"fastq,sra","ncbi,gs,s3","gs.US,s3.us-east-1,ncbi.public",human,digestive system,stool,SRX3862828,Italy,Europe,Italy: Milan,Homo sapiens,Illumina HiSeq 2500,45.414028 N 9.208268 E,SBJ07C,PAIRED,RANDOM,METAGENOMIC,human gut metagenome,ILLUMINA,2018-08-14T00:00:00Z,replicate = biological replicate 39,SBJ07C,SRP136711
SRR6915183,WGS,198,4172656669,PRJNA447983,SAMN08813945,"MIMS.me,MIGS/MIMS/MIMARKS.human-gut",2018330929,ANDREWMALTEZTHOMAS@GMAIL.COM'S SHARED SUBMISSIONS,2016-01-11,public,"sra,fastq","s3,gs,ncbi","ncbi.public,gs.US,s3.us-east-1",human,digestive system,stool,SRX3862827,Italy,Europe,Italy: Milan,Homo sapiens,Illumina HiSeq 2500,45.414028 N 9.208268 E,SBJ02C,PAIRED,RANDOM,METAGENOMIC,human gut metagenome,ILLUMINA,2018-08-14T00:00:00Z,replicate = biological replicate 26,SBJ02C,SRP136711
SRR6915185,WGS,198,3449968979,PRJNA447983,SAMN08813936,"MIMS.me,MIGS/MIMS/MIMARKS.human-gut",1640148704,ANDREWMALTEZTHOMAS@GMAIL.COM'S SHARED SUBMISSIONS,2016-01-11,public,"fastq,sra","ncbi,s3,gs","gs.US,s3.us-east-1,ncbi.public",human,digestive system,stool,SRX3862825,Italy,Europe,Italy: Milan,Homo sapiens,Illumina HiSeq 2500,45.414028 N 9.208268 E,SBJ04C,PAIRED,RANDOM,METAGENOMIC,human gut metagenome,ILLUMINA,2018-08-14T00:00:00Z,replicate = biological replicate 17,SBJ04C,SRP136711
SRR6915186,WGS,197,5943992913,PRJNA447983,SAMN08813974,"MIMS.me,MIGS/MIMS/MIMARKS.human-gut",2808161026,ANDREWMALTEZTHOMAS@GMAIL.COM'S SHARED SUBMISSIONS,2016-01-11,public,"fastq,sra","gs,s3,ncbi","gs.US,s3.us-east-1,ncbi.public",human,digestive system,stool,SRX3862824,Italy,Europe,Italy: Milan,Homo sapiens,Illumina HiSeq 2500,45.414028 N 9.208268 E,SBJ03H,PAIRED,RANDOM,METAGENOMIC,human gut metagenome,ILLUMINA,2018-08-14T00:00:00Z,replicate = biological replicate 55,SBJ03H,SRP136711
SRR6915188,WGS,198,3546464398,PRJNA447983,SAMN08814028,"MIMS.me,MIGS/MIMS/MIMARKS.human-gut",1695995852,ANDREWMALTEZTHOMAS@GMAIL.COM'S SHARED SUBMISSIONS,2017-02-12,public,"fastq,sra","s3,gs,ncbi","ncbi.public,s3.us-east-1,gs.US",human,digestive system,stool,SRX3862822,Italy,Europe,Italy: Vercelli,Homo sapiens,Illumina HiSeq 2500,45.312990 N 8.422263 E,VF270,PAIRED,RANDOM,METAGENOMIC,human gut metagenome,ILLUMINA,2018-08-14T00:00:00Z,replicate = biological replicate 109,VF270,SRP136711
SRR6915189,WGS,198,7498578001,PRJNA447983,SAMN08814048,"MIMS.me,MIGS/MIMS/MIMARKS.human-gut",3662401887,ANDREWMALTEZTHOMAS@GMAIL.COM'S SHARED SUBMISSIONS,2017-02-12,public,"fastq,sra","gs,s3,ncbi","s3.us-east-1,ncbi.public,gs.US",human,digestive system,stool,SRX3862821,Italy,Europe,Italy: Vercelli,Homo sapiens,Illumina HiSeq 2500,45.312990 N 8.422263 E,VF263,PAIRED,RANDOM,METAGENOMIC,human gut metagenome,ILLUMINA,2018-08-14T00:00:00Z,replicate = biological replicate 129,VF263,SRP136711
SRR6915190,WGS,198,9084962108,PRJNA447983,SAMN08814038,"MIMS.me,MIGS/MIMS/MIMARKS.human-gut",4344307107,ANDREWMALTEZTHOMAS@GMAIL.COM'S SHARED SUBMISSIONS,2017-02-12,public,"sra,fastq","ncbi,s3,gs","ncbi.public,gs.US,s3.us-east-1",human,digestive system,stool,SRX3862820,Italy,Europe,Italy: Vercelli,Homo sapiens,Illumina HiSeq 2500,45.312990 N 8.422263 E,VF264,PAIRED,RANDOM,METAGENOMIC,human gut metagenome,ILLUMINA,2018-08-14T00:00:00Z,replicate = biological replicate 119,VF264,SRP136711
SRR6915194,WGS,198,2624794425,PRJNA447983,SAMN08814040,"MIMS.me,MIGS/MIMS/MIMARKS.human-gut",1220748696,ANDREWMALTEZTHOMAS@GMAIL.COM'S SHARED SUBMISSIONS,2017-02-12,public,"sra,fastq","gs,s3,ncbi","ncbi.public,gs.US,s3.us-east-1",human,digestive system,stool,SRX3862816,Italy,Europe,Italy: Vercelli,Homo sapiens,Illumina HiSeq 2500,45.312990 N 8.422263 E,VF259,PAIRED,RANDOM,METAGENOMIC,human gut metagenome,ILLUMINA,2018-08-14T00:00:00Z,replicate = biological replicate 121,VF259,SRP136711
SRR6915200,WGS,198,10241209234,PRJNA447983,SAMN08813952,"MIMS.me,MIGS/MIMS/MIMARKS.human-gut",4939529197,ANDREWMALTEZTHOMAS@GMAIL.COM'S SHARED SUBMISSIONS,2016-01-11,public,"fastq,sra","s3,ncbi,gs","ncbi.public,s3.us-east-1,gs.US",human,digestive system,stool,SRX3862810,Italy,Europe,Italy: Milan,Homo sapiens,Illumina HiSeq 2500,45.414028 N 9.208268 E,SBJ60H,PAIRED,RANDOM,METAGENOMIC,human gut metagenome,ILLUMINA,2018-08-14T00:00:00Z,replicate = biological replicate 33,SBJ60H,SRP136711
SRR6915206,WGS,198,3587512037,PRJNA447983,SAMN08814005,"MIMS.me,MIGS/MIMS/MIMARKS.human-gut",1770376639,ANDREWMALTEZTHOMAS@GMAIL.COM'S SHARED SUBMISSIONS,2017-02-12,public,"sra,fastq","gs,ncbi,s3","s3.us-east-1,gs.US,ncbi.public",human,digestive system,stool,SRX3862804,Italy,Europe,Italy: Vercelli,Homo sapiens,Illumina HiSeq 2500,45.312990 N 8.422263 E,VF31,PAIRED,RANDOM,METAGENOMIC,human gut metagenome,ILLUMINA,2018-08-14T00:00:00Z,replicate = biological replicate 86,VF31,SRP136711
SRR6915208,WGS,198,6483930476,PRJNA447983,SAMN08814034,"MIMS.me,MIGS/MIMS/MIMARKS.human-gut",3133083499,ANDREWMALTEZTHOMAS@GMAIL.COM'S SHARED SUBMISSIONS,2017-02-12,public,"sra,fastq","ncbi,s3,gs","gs.US,s3.us-east-1,ncbi.public",human,digestive system,stool,SRX3862802,Italy,Europe,Italy: Vercelli,Homo sapiens,Illumina HiSeq 2500,45.312990 N 8.422263 E,VF281,PAIRED,RANDOM,METAGENOMIC,human gut metagenome,ILLUMINA,2018-08-14T00:00:00Z,replicate = biological replicate 115,VF281,SRP136711
SRR6915209,WGS,198,8116955390,PRJNA447983,SAMN08814051,"MIMS.me,MIGS/MIMS/MIMARKS.human-gut",3910918222,ANDREWMALTEZTHOMAS@GMAIL.COM'S SHARED SUBMISSIONS,2017-02-12,public,"fastq,sra","ncbi,gs,s3","ncbi.public,s3.us-east-1,gs.US",human,digestive system,stool,SRX3862801,Italy,Europe,Italy: Vercelli,Homo sapiens,Illumina HiSeq 2500,45.312990 N 8.422263 E,VF300,PAIRED,RANDOM,METAGENOMIC,human gut metagenome,ILLUMINA,2018-08-14T00:00:00Z,replicate = biological replicate 132,VF300,SRP136711
SRR6915210,WGS,198,3645416103,PRJNA447983,SAMN08814003,"MIMS.me,MIGS/MIMS/MIMARKS.human-gut",1784256134,ANDREWMALTEZTHOMAS@GMAIL.COM'S SHARED SUBMISSIONS,2017-02-12,public,"sra,fastq","s3,ncbi,gs","ncbi.public,s3.us-east-1,gs.US",human,digestive system,stool,SRX3862800,Italy,Europe,Italy: Vercelli,Homo sapiens,Illumina HiSeq 2500,45.312990 N 8.422263 E,VF29,PAIRED,RANDOM,METAGENOMIC,human gut metagenome,ILLUMINA,2018-08-14T00:00:00Z,replicate = biological replicate 84,VF29,SRP136711
SRR6915211,WGS,198,6268384387,PRJNA447983,SAMN08813991,"MIMS.me,MIGS/MIMS/MIMARKS.human-gut",3048551619,ANDREWMALTEZTHOMAS@GMAIL.COM'S SHARED SUBMISSIONS,2017-02-12,public,"fastq,sra","s3,gs,ncbi","s3.us-east-1,gs.US,ncbi.public",human,digestive system,stool,SRX3862799,Italy,Europe,Italy: Vercelli,Homo sapiens,Illumina HiSeq 2500,45.312990 N 8.422263 E,VF100,PAIRED,RANDOM,METAGENOMIC,human gut metagenome,ILLUMINA,2018-08-14T00:00:00Z,replicate = biological replicate 72,VF100,SRP136711
SRR6915212,WGS,197,2664489416,PRJNA447983,SAMN08813990,"MIMS.me,MIGS/MIMS/MIMARKS.human-gut",1302974538,ANDREWMALTEZTHOMAS@GMAIL.COM'S SHARED SUBMISSIONS,2017-02-12,public,"sra,fastq","gs,ncbi,s3","s3.us-east-1,gs.US,ncbi.public",human,digestive system,stool,SRX3862798,Italy,Europe,Italy: Vercelli,Homo sapiens,Illumina HiSeq 2500,45.312990 N 8.422263 E,VF07,PAIRED,RANDOM,METAGENOMIC,human gut metagenome,ILLUMINA,2018-08-14T00:00:00Z,replicate = biological replicate 71,VF07,SRP136711
SRR6915213,WGS,197,4113773388,PRJNA447983,SAMN08813993,"MIMS.me,MIGS/MIMS/MIMARKS.human-gut",1976584821,ANDREWMALTEZTHOMAS@GMAIL.COM'S SHARED SUBMISSIONS,2017-02-12,public,"fastq,sra","ncbi,gs,s3","gs.US,ncbi.public,s3.us-east-1",human,digestive system,stool,SRX3862797,Italy,Europe,Italy: Vercelli,Homo sapiens,Illumina HiSeq 2500,45.312990 N 8.422263 E,VF107,PAIRED,RANDOM,METAGENOMIC,human gut metagenome,ILLUMINA,2018-08-14T00:00:00Z,replicate = biological replicate 74,VF107,SRP136711
SRR6915216,WGS,198,2534851633,PRJNA447983,SAMN08814007,"MIMS.me,MIGS/MIMS/MIMARKS.human-gut",1236478887,ANDREWMALTEZTHOMAS@GMAIL.COM'S SHARED SUBMISSIONS,2017-02-12,public,"sra,fastq","gs,ncbi,s3","gs.US,s3.us-east-1,ncbi.public",human,digestive system,stool,SRX3862794,Italy,Europe,Italy: Vercelli,Homo sapiens,Illumina HiSeq 2500,45.312990 N 8.422263 E,VF35,PAIRED,RANDOM,METAGENOMIC,human gut metagenome,ILLUMINA,2018-08-14T00:00:00Z,replicate = biological replicate 88,VF35,SRP136711
SRR6915217,WGS,198,2137592353,PRJNA447983,SAMN08814054,"MIMS.me,MIGS/MIMS/MIMARKS.human-gut",1059436853,ANDREWMALTEZTHOMAS@GMAIL.COM'S SHARED SUBMISSIONS,2017-02-12,public,"fastq,sra","s3,gs,ncbi","gs.US,s3.us-east-1,ncbi.public",human,digestive system,stool,SRX3862793,Italy,Europe,Italy: Vercelli,Homo sapiens,Illumina HiSeq 2500,45.312990 N 8.422263 E,VF140,PAIRED,RANDOM,METAGENOMIC,human gut metagenome,ILLUMINA,2018-08-14T00:00:00Z,replicate = biological replicate 135,VF140,SRP136711
SRR6915218,WGS,197,3255758142,PRJNA447983,SAMN08813995,"MIMS.me,MIGS/MIMS/MIMARKS.human-gut",1589212065,ANDREWMALTEZTHOMAS@GMAIL.COM'S SHARED SUBMISSIONS,2017-02-12,public,"sra,fastq","s3,ncbi,gs","gs.US,s3.us-east-1,ncbi.public",human,digestive system,stool,SRX3862792,Italy,Europe,Italy: Vercelli,Homo sapiens,Illumina HiSeq 2500,45.312990 N 8.422263 E,VF120,PAIRED,RANDOM,METAGENOMIC,human gut metagenome,ILLUMINA,2018-08-14T00:00:00Z,replicate = biological replicate 76,VF120,SRP136711
SRR6915221,WGS,198,6100609609,PRJNA447983,SAMN08813988,"MIMS.me,MIGS/MIMS/MIMARKS.human-gut",2975093841,ANDREWMALTEZTHOMAS@GMAIL.COM'S SHARED SUBMISSIONS,2017-02-12,public,"sra,fastq","ncbi,gs,s3","gs.US,s3.us-east-1,ncbi.public",human,digestive system,stool,SRX3862789,Italy,Europe,Italy: Vercelli,Homo sapiens,Illumina HiSeq 2500,45.312990 N 8.422263 E,VF04,PAIRED,RANDOM,METAGENOMIC,human gut metagenome,ILLUMINA,2018-08-14T00:00:00Z,replicate = biological replicate 69,VF04,SRP136711
SRR6915229,WGS,197,3091593783,PRJNA447983,SAMN08813984,"MIMS.me,MIGS/MIMS/MIMARKS.human-gut",1524098798,ANDREWMALTEZTHOMAS@GMAIL.COM'S SHARED SUBMISSIONS,2017-02-12,public,"sra,fastq","ncbi,gs,s3","gs.US,ncbi.public,s3.us-east-1",human,digestive system,stool,SRX3862781,Italy,Europe,Italy: Vercelli,Homo sapiens,Illumina HiSeq 2500,45.312990 N 8.422263 E,GF17,PAIRED,RANDOM,METAGENOMIC,human gut metagenome,ILLUMINA,2018-08-14T00:00:00Z,replicate = biological replicate 65,GF17,SRP136711
SRR6915092,WGS,198,2856227022,PRJNA447983,SAMN08814053,"MIMS.me,MIGS/MIMS/MIMARKS.human-gut",1406209278,ANDREWMALTEZTHOMAS@GMAIL.COM'S SHARED SUBMISSIONS,2017-02-12,public,"fastq,sra","gs,s3,ncbi","s3.us-east-1,ncbi.public,gs.US",human,digestive system,stool,SRX3862918,Italy,Europe,Italy: Vercelli,Homo sapiens,Illumina HiSeq 2500,45.312990 N 8.422263 E,VF10,PAIRED,RANDOM,METAGENOMIC,human gut metagenome,ILLUMINA,2018-08-14T00:00:00Z,replicate = biological replicate 134,VF10,SRP136711
SRR6915093,WGS,198,2238831799,PRJNA447983,SAMN08814037,"MIMS.me,MIGS/MIMS/MIMARKS.human-gut",1092767331,ANDREWMALTEZTHOMAS@GMAIL.COM'S SHARED SUBMISSIONS,2017-02-12,public,"fastq,sra","ncbi,gs,s3","ncbi.public,s3.us-east-1,gs.US",human,digestive system,stool,SRX3862917,Italy,Europe,Italy: Vercelli,Homo sapiens,Illumina HiSeq 2500,45.312990 N 8.422263 E,VF232,PAIRED,RANDOM,METAGENOMIC,human gut metagenome,ILLUMINA,2018-08-14T00:00:00Z,replicate = biological replicate 118,VF232,SRP136711
SRR6915094,WGS,198,9691961893,PRJNA447983,SAMN08814031,"MIMS.me,MIGS/MIMS/MIMARKS.human-gut",4717293542,ANDREWMALTEZTHOMAS@GMAIL.COM'S SHARED SUBMISSIONS,2017-02-12,public,"fastq,sra","s3,ncbi,gs","ncbi.public,s3.us-east-1,gs.US",human,digestive system,stool,SRX3862916,Italy,Europe,Italy: Vercelli,Homo sapiens,Illumina HiSeq 2500,45.312990 N 8.422263 E,VF217,PAIRED,RANDOM,METAGENOMIC,human gut metagenome,ILLUMINA,2018-08-14T00:00:00Z,replicate = biological replicate 112,VF217,SRP136711
SRR6915095,WGS,198,6667107549,PRJNA447983,SAMN08814036,"MIMS.me,MIGS/MIMS/MIMARKS.human-gut",3202210906,ANDREWMALTEZTHOMAS@GMAIL.COM'S SHARED SUBMISSIONS,2017-02-12,public,"fastq,sra","ncbi,s3,gs","ncbi.public,gs.US,s3.us-east-1",human,digestive system,stool,SRX3862915,Italy,Europe,Italy: Vercelli,Homo sapiens,Illumina HiSeq 2500,45.312990 N 8.422263 E,VF216,PAIRED,RANDOM,METAGENOMIC,human gut metagenome,ILLUMINA,2018-08-14T00:00:00Z,replicate = biological replicate 117,VF216,SRP136711
SRR6915101,WGS,198,4612362125,PRJNA447983,SAMN08814039,"MIMS.me,MIGS/MIMS/MIMARKS.human-gut",2221235095,ANDREWMALTEZTHOMAS@GMAIL.COM'S SHARED SUBMISSIONS,2017-02-12,public,"sra,fastq","ncbi,s3,gs","ncbi.public,gs.US,s3.us-east-1",human,digestive system,stool,SRX3862909,Italy,Europe,Italy: Vercelli,Homo sapiens,Illumina HiSeq 2500,45.312990 N 8.422263 E,VF251,PAIRED,RANDOM,METAGENOMIC,human gut metagenome,ILLUMINA,2018-08-14T00:00:00Z,replicate = biological replicate 120,VF251,SRP136711
SRR6915103,WGS,198,3502120927,PRJNA447983,SAMN08813971,"MIMS.me,MIGS/MIMS/MIMARKS.human-gut",1700962905,ANDREWMALTEZTHOMAS@GMAIL.COM'S SHARED SUBMISSIONS,2016-01-11,public,"fastq,sra","ncbi,s3,gs","s3.us-east-1,ncbi.public,gs.US",human,digestive system,stool,SRX3862907,Italy,Europe,Italy: Milan,Homo sapiens,Illumina HiSeq 2500,45.414028 N 9.208268 E,SBJ27C,PAIRED,RANDOM,METAGENOMIC,human gut metagenome,ILLUMINA,2018-08-14T00:00:00Z,replicate = biological replicate 52,SBJ27C,SRP136711
SRR6915108,WGS,198,3491145970,PRJNA447983,SAMN08813963,"MIMS.me,MIGS/MIMS/MIMARKS.human-gut",1668696270,ANDREWMALTEZTHOMAS@GMAIL.COM'S SHARED SUBMISSIONS,2016-01-11,public,"fastq,sra","gs,ncbi,s3","gs.US,s3.us-east-1,ncbi.public",human,digestive system,stool,SRX3862902,Italy,Europe,Italy: Milan,Homo sapiens,Illumina HiSeq 2500,45.414028 N 9.208268 E,SBJ21H,PAIRED,RANDOM,METAGENOMIC,human gut metagenome,ILLUMINA,2018-08-14T00:00:00Z,replicate = biological replicate 44,SBJ21H,SRP136711
SRR6915109,WGS,198,6221628252,PRJNA447983,SAMN08813954,"MIMS.me,MIGS/MIMS/MIMARKS.human-gut",3015095328,ANDREWMALTEZTHOMAS@GMAIL.COM'S SHARED SUBMISSIONS,2016-01-11,public,"fastq,sra","s3,gs,ncbi","s3.us-east-1,gs.US,ncbi.public",human,digestive system,stool,SRX3862901,Italy,Europe,Italy: Milan,Homo sapiens,Illumina HiSeq 2500,45.414028 N 9.208268 E,SBJ20C,PAIRED,RANDOM,METAGENOMIC,human gut metagenome,ILLUMINA,2018-08-14T00:00:00Z,replicate = biological replicate 35,SBJ20C,SRP136711
SRR6915116,WGS,198,3902857335,PRJNA447983,SAMN08814042,"MIMS.me,MIGS/MIMS/MIMARKS.human-gut",1999156764,ANDREWMALTEZTHOMAS@GMAIL.COM'S SHARED SUBMISSIONS,2017-02-12,public,"fastq,sra","gs,s3,ncbi","ncbi.public,gs.US,s3.us-east-1",human,digestive system,stool,SRX3862894,Italy,Europe,Italy: Vercelli,Homo sapiens,Illumina HiSeq 2500,45.312990 N 8.422263 E,VF170,PAIRED,RANDOM,METAGENOMIC,human gut metagenome,ILLUMINA,2018-08-14T00:00:00Z,replicate = biological replicate 123,VF170,SRP136711
SRR6915120,WGS,198,2421623709,PRJNA447983,SAMN08814000,"MIMS.me,MIGS/MIMS/MIMARKS.human-gut",1178008604,ANDREWMALTEZTHOMAS@GMAIL.COM'S SHARED SUBMISSIONS,2017-02-12,public,"sra,fastq","ncbi,gs,s3","ncbi.public,gs.US,s3.us-east-1",human,digestive system,stool,SRX3862890,Italy,Europe,Italy: Vercelli,Homo sapiens,Illumina HiSeq 2500,45.312990 N 8.422263 E,VF176,PAIRED,RANDOM,METAGENOMIC,human gut metagenome,ILLUMINA,2018-08-14T00:00:00Z,replicate = biological replicate 81,VF176,SRP136711
SRR6915128,WGS,198,4452392988,PRJNA447983,SAMN08813942,"MIMS.me,MIGS/MIMS/MIMARKS.human-gut",2207059775,ANDREWMALTEZTHOMAS@GMAIL.COM'S SHARED SUBMISSIONS,2016-01-11,public,"fastq,sra","gs,ncbi,s3","s3.us-east-1,gs.US,ncbi.public",human,digestive system,stool,SRX3862882,Italy,Europe,Italy: Milan,Homo sapiens,Illumina HiSeq 2500,45.414028 N 9.208268 E,SBJ49C,PAIRED,RANDOM,METAGENOMIC,human gut metagenome,ILLUMINA,2018-08-14T00:00:00Z,replicate = biological replicate 23,SBJ49C,SRP136711
SRR6915129,WGS,198,2968281897,PRJNA447983,SAMN08813921,"MIMS.me,MIGS/MIMS/MIMARKS.human-gut",1477164088,ANDREWMALTEZTHOMAS@GMAIL.COM'S SHARED SUBMISSIONS,2016-01-11,public,"sra,fastq","gs,ncbi,s3","ncbi.public,s3.us-east-1,gs.US",human,digestive system,stool,SRX3862881,Italy,Europe,Italy: Milan,Homo sapiens,Illumina HiSeq 2500,45.414028 N 9.208268 E,SBJ52C,PAIRED,RANDOM,METAGENOMIC,human gut metagenome,ILLUMINA,2018-08-14T00:00:00Z,replicate = biological replicate 2,SBJ52C,SRP136711
SRR6915130,WGS,198,2322991771,PRJNA447983,SAMN08813959,"MIMS.me,MIGS/MIMS/MIMARKS.human-gut",1141149252,ANDREWMALTEZTHOMAS@GMAIL.COM'S SHARED SUBMISSIONS,2016-01-11,public,"sra,fastq","gs,ncbi,s3","s3.us-east-1,ncbi.public,gs.US",human,digestive system,stool,SRX3862880,Italy,Europe,Italy: Milan,Homo sapiens,Illumina HiSeq 2500,45.414028 N 9.208268 E,SBJ51C,PAIRED,RANDOM,METAGENOMIC,human gut metagenome,ILLUMINA,2018-08-14T00:00:00Z,replicate = biological replicate 40,SBJ51C,SRP136711
SRR6915132,WGS,198,5690844677,PRJNA447983,SAMN08813961,"MIMS.me,MIGS/MIMS/MIMARKS.human-gut",2763273825,ANDREWMALTEZTHOMAS@GMAIL.COM'S SHARED SUBMISSIONS,2016-01-11,public,"fastq,sra","ncbi,gs,s3","ncbi.public,gs.US,s3.us-east-1",human,digestive system,stool,SRX3862878,Italy,Europe,Italy: Milan,Homo sapiens,Illumina HiSeq 2500,45.414028 N 9.208268 E,SBJ42C,PAIRED,RANDOM,METAGENOMIC,human gut metagenome,ILLUMINA,2018-08-14T00:00:00Z,replicate = biological replicate 42,SBJ42C,SRP136711
SRR6915133,WGS,198,3212896055,PRJNA447983,SAMN08813965,"MIMS.me,MIGS/MIMS/MIMARKS.human-gut",1569366317,ANDREWMALTEZTHOMAS@GMAIL.COM'S SHARED SUBMISSIONS,2016-01-11,public,"sra,fastq","s3,ncbi,gs","gs.US,ncbi.public,s3.us-east-1",human,digestive system,stool,SRX3862877,Italy,Europe,Italy: Milan,Homo sapiens,Illumina HiSeq 2500,45.414028 N 9.208268 E,SBJ47C,PAIRED,RANDOM,METAGENOMIC,human gut metagenome,ILLUMINA,2018-08-14T00:00:00Z,replicate = biological replicate 46,SBJ47C,SRP136711
SRR6915138,WGS,198,3299268964,PRJNA447983,SAMN08814018,"MIMS.me,MIGS/MIMS/MIMARKS.human-gut",1580192423,ANDREWMALTEZTHOMAS@GMAIL.COM'S SHARED SUBMISSIONS,2017-02-12,public,"sra,fastq","gs,s3,ncbi","gs.US,ncbi.public,s3.us-east-1",human,digestive system,stool,SRX3862872,Italy,Europe,Italy: Vercelli,Homo sapiens,Illumina HiSeq 2500,45.312990 N 8.422263 E,VF66,PAIRED,RANDOM,METAGENOMIC,human gut metagenome,ILLUMINA,2018-08-14T00:00:00Z,replicate = biological replicate 99,VF66,SRP136711
SRR6915141,WGS,198,5280970488,PRJNA447983,SAMN08814015,"MIMS.me,MIGS/MIMS/MIMARKS.human-gut",2532888009,ANDREWMALTEZTHOMAS@GMAIL.COM'S SHARED SUBMISSIONS,2017-02-12,public,"sra,fastq","gs,ncbi,s3","ncbi.public,s3.us-east-1,gs.US",human,digestive system,stool,SRX3862869,Italy,Europe,Italy: Vercelli,Homo sapiens,Illumina HiSeq 2500,45.312990 N 8.422263 E,VF56,PAIRED,RANDOM,METAGENOMIC,human gut metagenome,ILLUMINA,2018-08-14T00:00:00Z,replicate = biological replicate 96,VF56,SRP136711
SRR6915145,WGS,198,3278047051,PRJNA447983,SAMN08814011,"MIMS.me,MIGS/MIMS/MIMARKS.human-gut",1589889363,ANDREWMALTEZTHOMAS@GMAIL.COM'S SHARED SUBMISSIONS,2017-02-12,public,"fastq,sra","s3,ncbi,gs","ncbi.public,s3.us-east-1,gs.US",human,digestive system,stool,SRX3862865,Italy,Europe,Italy: Vercelli,Homo sapiens,Illumina HiSeq 2500,45.312990 N 8.422263 E,VF43,PAIRED,RANDOM,METAGENOMIC,human gut metagenome,ILLUMINA,2018-08-14T00:00:00Z,replicate = biological replicate 92,VF43,SRP136711
SRR6915153,WGS,198,3091754774,PRJNA447983,SAMN08813940,"MIMS.me,MIGS/MIMS/MIMARKS.human-gut",1495608353,ANDREWMALTEZTHOMAS@GMAIL.COM'S SHARED SUBMISSIONS,2016-01-11,public,"fastq,sra","gs,ncbi,s3","gs.US,s3.us-east-1,ncbi.public",human,digestive system,stool,SRX3862857,Italy,Europe,Italy: Milan,Homo sapiens,Illumina HiSeq 2500,45.414028 N 9.208268 E,SBJ29C,PAIRED,RANDOM,METAGENOMIC,human gut metagenome,ILLUMINA,2018-08-14T00:00:00Z,replicate = biological replicate 21,SBJ29C,SRP136711
SRR6915159,WGS,198,2842274382,PRJNA447983,SAMN08814022,"MIMS.me,MIGS/MIMS/MIMARKS.human-gut",1366364345,ANDREWMALTEZTHOMAS@GMAIL.COM'S SHARED SUBMISSIONS,2017-02-12,public,"sra,fastq","s3,gs,ncbi","ncbi.public,gs.US,s3.us-east-1",human,digestive system,stool,SRX3862851,Italy,Europe,Italy: Vercelli,Homo sapiens,Illumina HiSeq 2500,45.312990 N 8.422263 E,VF73,PAIRED,RANDOM,METAGENOMIC,human gut metagenome,ILLUMINA,2018-08-14T00:00:00Z,replicate = biological replicate 103,VF73,SRP136711
SRR6915161,WGS,198,3745651087,PRJNA447983,SAMN08814020,"MIMS.me,MIGS/MIMS/MIMARKS.human-gut",1801816547,ANDREWMALTEZTHOMAS@GMAIL.COM'S SHARED SUBMISSIONS,2017-02-12,public,"sra,fastq","ncbi,s3,gs","ncbi.public,s3.us-east-1,gs.US",human,digestive system,stool,SRX3862849,Italy,Europe,Italy: Vercelli,Homo sapiens,Illumina HiSeq 2500,45.312990 N 8.422263 E,VF70,PAIRED,RANDOM,METAGENOMIC,human gut metagenome,ILLUMINA,2018-08-14T00:00:00Z,replicate = biological replicate 101,VF70,SRP136711
SRR6915167,WGS,198,2246421841,PRJNA447983,SAMN08813932,"MIMS.me,MIGS/MIMS/MIMARKS.human-gut",1097508393,ANDREWMALTEZTHOMAS@GMAIL.COM'S SHARED SUBMISSIONS,2016-01-11,public,"fastq,sra","ncbi,s3,gs","gs.US,s3.us-east-1,ncbi.public",human,digestive system,stool,SRX3862843,Italy,Europe,Italy: Milan,Homo sapiens,Illumina HiSeq 2500,45.414028 N 9.208268 E,SBJ78H,PAIRED,RANDOM,METAGENOMIC,human gut metagenome,ILLUMINA,2018-08-14T00:00:00Z,replicate = biological replicate 13,SBJ78H,SRP136711
SRR6915175,WGS,198,3730230606,PRJNA447983,SAMN08813969,"MIMS.me,MIGS/MIMS/MIMARKS.human-gut",1807701820,ANDREWMALTEZTHOMAS@GMAIL.COM'S SHARED SUBMISSIONS,2016-01-11,public,"fastq,sra","gs,s3,ncbi","ncbi.public,s3.us-east-1,gs.US",human,digestive system,stool,SRX3862835,Italy,Europe,Italy: Milan,Homo sapiens,Illumina HiSeq 2500,45.414028 N 9.208268 E,SBJ84H,PAIRED,RANDOM,METAGENOMIC,human gut metagenome,ILLUMINA,2018-08-14T00:00:00Z,replicate = biological replicate 50,SBJ84H,SRP136711
SRR6915193,WGS,198,2455017055,PRJNA447983,SAMN08814041,"MIMS.me,MIGS/MIMS/MIMARKS.human-gut",1184715005,ANDREWMALTEZTHOMAS@GMAIL.COM'S SHARED SUBMISSIONS,2017-02-12,public,"fastq,sra","gs,s3,ncbi","gs.US,s3.us-east-1,ncbi.public",human,digestive system,stool,SRX3862817,Italy,Europe,Italy: Vercelli,Homo sapiens,Illumina HiSeq 2500,45.312990 N 8.422263 E,VF255,PAIRED,RANDOM,METAGENOMIC,human gut metagenome,ILLUMINA,2018-08-14T00:00:00Z,replicate = biological replicate 122,VF255,SRP136711
SRR6915196,WGS,198,3870645130,PRJNA447983,SAMN08813970,"MIMS.me,MIGS/MIMS/MIMARKS.human-gut",1887602638,ANDREWMALTEZTHOMAS@GMAIL.COM'S SHARED SUBMISSIONS,2016-01-11,public,"sra,fastq","gs,ncbi,s3","s3.us-east-1,gs.US,ncbi.public",human,digestive system,stool,SRX3862814,Italy,Europe,Italy: Milan,Homo sapiens,Illumina HiSeq 2500,45.414028 N 9.208268 E,SBJ65H,PAIRED,RANDOM,METAGENOMIC,human gut metagenome,ILLUMINA,2018-08-14T00:00:00Z,replicate = biological replicate 51,SBJ65H,SRP136711
SRR6915198,WGS,198,2081182055,PRJNA447983,SAMN08813950,"MIMS.me,MIGS/MIMS/MIMARKS.human-gut",1021762052,ANDREWMALTEZTHOMAS@GMAIL.COM'S SHARED SUBMISSIONS,2016-01-11,public,"sra,fastq","ncbi,gs,s3","gs.US,ncbi.public,s3.us-east-1",human,digestive system,stool,SRX3862812,Italy,Europe,Italy: Milan,Homo sapiens,Illumina HiSeq 2500,45.414028 N 9.208268 E,SBJ68H,PAIRED,RANDOM,METAGENOMIC,human gut metagenome,ILLUMINA,2018-08-14T00:00:00Z,replicate = biological replicate 31,SBJ68H,SRP136711
SRR6915199,WGS,198,4136217301,PRJNA447983,SAMN08813920,"MIMS.me,MIGS/MIMS/MIMARKS.human-gut",2031789594,ANDREWMALTEZTHOMAS@GMAIL.COM'S SHARED SUBMISSIONS,2016-01-11,public,"sra,fastq","gs,ncbi,s3","s3.us-east-1,ncbi.public,gs.US",human,digestive system,stool,SRX3862811,Italy,Europe,Italy: Milan,Homo sapiens,Illumina HiSeq 2500,45.414028 N 9.208268 E,SBJ57H,PAIRED,RANDOM,METAGENOMIC,human gut metagenome,ILLUMINA,2018-08-14T00:00:00Z,replicate = biological replicate 1,SBJ57H,SRP136711
SRR6915204,WGS,198,5541440379,PRJNA447983,SAMN08814004,"MIMS.me,MIGS/MIMS/MIMARKS.human-gut",2714374705,ANDREWMALTEZTHOMAS@GMAIL.COM'S SHARED SUBMISSIONS,2017-02-12,public,"fastq,sra","ncbi,s3,gs","ncbi.public,gs.US,s3.us-east-1",human,digestive system,stool,SRX3862806,Italy,Europe,Italy: Vercelli,Homo sapiens,Illumina HiSeq 2500,45.312990 N 8.422263 E,VF30,PAIRED,RANDOM,METAGENOMIC,human gut metagenome,ILLUMINA,2018-08-14T00:00:00Z,replicate = biological replicate 85,VF30,SRP136711
SRR6915205,WGS,198,2713905711,PRJNA447983,SAMN08814006,"MIMS.me,MIGS/MIMS/MIMARKS.human-gut",1303542229,ANDREWMALTEZTHOMAS@GMAIL.COM'S SHARED SUBMISSIONS,2017-02-12,public,"sra,fastq","ncbi,gs,s3","ncbi.public,gs.US,s3.us-east-1",human,digestive system,stool,SRX3862805,Italy,Europe,Italy: Vercelli,Homo sapiens,Illumina HiSeq 2500,45.312990 N 8.422263 E,VF32,PAIRED,RANDOM,METAGENOMIC,human gut metagenome,ILLUMINA,2018-08-14T00:00:00Z,replicate = biological replicate 87,VF32,SRP136711
SRR6915207,WGS,198,10549012275,PRJNA447983,SAMN08814058,"MIMS.me,MIGS/MIMS/MIMARKS.human-gut",5088565794,ANDREWMALTEZTHOMAS@GMAIL.COM'S SHARED SUBMISSIONS,2017-02-12,public,"fastq,sra","ncbi,s3,gs","s3.us-east-1,ncbi.public,gs.US",human,digestive system,stool,SRX3862803,Italy,Europe,Italy: Vercelli,Homo sapiens,Illumina HiSeq 2500,45.312990 N 8.422263 E,VF28,PAIRED,RANDOM,METAGENOMIC,human gut metagenome,ILLUMINA,2018-08-14T00:00:00Z,replicate = biological replicate 139,VF28,SRP136711
SRR6915220,WGS,198,3923094695,PRJNA447983,SAMN08813996,"MIMS.me,MIGS/MIMS/MIMARKS.human-gut",1896308262,ANDREWMALTEZTHOMAS@GMAIL.COM'S SHARED SUBMISSIONS,2017-02-12,public,"sra,fastq","s3,gs,ncbi","gs.US,s3.us-east-1,ncbi.public",human,digestive system,stool,SRX3862790,Italy,Europe,Italy: Vercelli,Homo sapiens,Illumina HiSeq 2500,45.312990 N 8.422263 E,VF145,PAIRED,RANDOM,METAGENOMIC,human gut metagenome,ILLUMINA,2018-08-14T00:00:00Z,replicate = biological replicate 77,VF145,SRP136711
SRR6915222,WGS,197,4363913085,PRJNA447983,SAMN08813989,"MIMS.me,MIGS/MIMS/MIMARKS.human-gut",2095281021,ANDREWMALTEZTHOMAS@GMAIL.COM'S SHARED SUBMISSIONS,2017-02-12,public,"fastq,sra","gs,ncbi,s3","s3.us-east-1,ncbi.public,gs.US",human,digestive system,stool,SRX3862788,Italy,Europe,Italy: Vercelli,Homo sapiens,Illumina HiSeq 2500,45.312990 N 8.422263 E,VF06,PAIRED,RANDOM,METAGENOMIC,human gut metagenome,ILLUMINA,2018-08-14T00:00:00Z,replicate = biological replicate 70,VF06,SRP136711
SRR6915224,WGS,199,4150145791,PRJNA447983,SAMN08813983,"MIMS.me,MIGS/MIMS/MIMARKS.human-gut",1964497391,ANDREWMALTEZTHOMAS@GMAIL.COM'S SHARED SUBMISSIONS,2017-02-12,public,"fastq,sra","ncbi,gs,s3","gs.US,s3.us-east-1,ncbi.public",human,digestive system,stool,SRX3862786,Italy,Europe,Italy: Vercelli,Homo sapiens,Illumina HiSeq 2500,45.312990 N 8.422263 E,GF16,PAIRED,RANDOM,METAGENOMIC,human gut metagenome,ILLUMINA,2018-08-14T00:00:00Z,replicate = biological replicate 64,GF16,SRP136711
SRR6915226,WGS,198,4096901262,PRJNA447983,SAMN08813981,"MIMS.me,MIGS/MIMS/MIMARKS.human-gut",1998314935,ANDREWMALTEZTHOMAS@GMAIL.COM'S SHARED SUBMISSIONS,2017-02-12,public,"sra,fastq","gs,ncbi,s3","ncbi.public,gs.US,s3.us-east-1",human,digestive system,stool,SRX3862784,Italy,Europe,Italy: Vercelli,Homo sapiens,Illumina HiSeq 2500,45.312990 N 8.422263 E,GF12,PAIRED,RANDOM,METAGENOMIC,human gut metagenome,ILLUMINA,2018-08-14T00:00:00Z,replicate = biological replicate 62,GF12,SRP136711
SRR6915096,WGS,198,1380598661,PRJNA447983,SAMN08814045,"MIMS.me,MIGS/MIMS/MIMARKS.human-gut",668966299,ANDREWMALTEZTHOMAS@GMAIL.COM'S SHARED SUBMISSIONS,2017-02-12,public,"fastq,sra","gs,ncbi,s3","s3.us-east-1,ncbi.public,gs.US",human,digestive system,stool,SRX3862914,Italy,Europe,Italy: Vercelli,Homo sapiens,Illumina HiSeq 2500,45.312990 N 8.422263 E,VF214,PAIRED,RANDOM,METAGENOMIC,human gut metagenome,ILLUMINA,2018-08-14T00:00:00Z,replicate = biological replicate 126,VF214,SRP136711
SRR6915097,WGS,198,3397146870,PRJNA447983,SAMN08814044,"MIMS.me,MIGS/MIMS/MIMARKS.human-gut",1610971047,ANDREWMALTEZTHOMAS@GMAIL.COM'S SHARED SUBMISSIONS,2017-02-12,public,"fastq,sra","s3,ncbi,gs","ncbi.public,gs.US,s3.us-east-1",human,digestive system,stool,SRX3862913,Italy,Europe,Italy: Vercelli,Homo sapiens,Illumina HiSeq 2500,45.312990 N 8.422263 E,VF212,PAIRED,RANDOM,METAGENOMIC,human gut metagenome,ILLUMINA,2018-08-14T00:00:00Z,replicate = biological replicate 125,VF212,SRP136711
SRR6915099,WGS,198,3848011796,PRJNA447983,SAMN08814029,"MIMS.me,MIGS/MIMS/MIMARKS.human-gut",1817340018,ANDREWMALTEZTHOMAS@GMAIL.COM'S SHARED SUBMISSIONS,2017-02-12,public,"sra,fastq","gs,s3,ncbi","s3.us-east-1,ncbi.public,gs.US",human,digestive system,stool,SRX3862911,Italy,Europe,Italy: Vercelli,Homo sapiens,Illumina HiSeq 2500,45.312990 N 8.422263 E,VF207,PAIRED,RANDOM,METAGENOMIC,human gut metagenome,ILLUMINA,2018-08-14T00:00:00Z,replicate = biological replicate 110,VF207,SRP136711
SRR6915102,WGS,198,5894505490,PRJNA447983,SAMN08814030,"MIMS.me,MIGS/MIMS/MIMARKS.human-gut",2882418098,ANDREWMALTEZTHOMAS@GMAIL.COM'S SHARED SUBMISSIONS,2017-02-12,public,"fastq,sra","ncbi,s3,gs","ncbi.public,gs.US,s3.us-east-1",human,digestive system,stool,SRX3862908,Italy,Europe,Italy: Vercelli,Homo sapiens,Illumina HiSeq 2500,45.312990 N 8.422263 E,VF234,PAIRED,RANDOM,METAGENOMIC,human gut metagenome,ILLUMINA,2018-08-14T00:00:00Z,replicate = biological replicate 111,VF234,SRP136711
SRR6915104,WGS,198,3954423129,PRJNA447983,SAMN08813956,"MIMS.me,MIGS/MIMS/MIMARKS.human-gut",1887115073,ANDREWMALTEZTHOMAS@GMAIL.COM'S SHARED SUBMISSIONS,2016-01-11,public,"sra,fastq","gs,ncbi,s3","gs.US,ncbi.public,s3.us-east-1",human,digestive system,stool,SRX3862906,Italy,Europe,Italy: Milan,Homo sapiens,Illumina HiSeq 2500,45.414028 N 9.208268 E,SBJ26C,PAIRED,RANDOM,METAGENOMIC,human gut metagenome,ILLUMINA,2018-08-14T00:00:00Z,replicate = biological replicate 37,SBJ26C,SRP136711
SRR6915106,WGS,198,3513547084,PRJNA447983,SAMN08813925,"MIMS.me,MIGS/MIMS/MIMARKS.human-gut",1694908212,ANDREWMALTEZTHOMAS@GMAIL.COM'S SHARED SUBMISSIONS,2016-01-11,public,"sra,fastq","gs,ncbi,s3","s3.us-east-1,gs.US,ncbi.public",human,digestive system,stool,SRX3862904,Italy,Europe,Italy: Milan,Homo sapiens,Illumina HiSeq 2500,45.414028 N 9.208268 E,SBJ24H,PAIRED,RANDOM,METAGENOMIC,human gut metagenome,ILLUMINA,2018-08-14T00:00:00Z,replicate = biological replicate 6,SBJ24H,SRP136711
SRR6915111,WGS,199,7070005093,PRJNA447983,SAMN08813955,"MIMS.me,MIGS/MIMS/MIMARKS.human-gut",3385673753,ANDREWMALTEZTHOMAS@GMAIL.COM'S SHARED SUBMISSIONS,2016-01-11,public,"fastq,sra","s3,gs,ncbi","gs.US,ncbi.public,s3.us-east-1",human,digestive system,stool,SRX3862899,Italy,Europe,Italy: Milan,Homo sapiens,Illumina HiSeq 2500,45.414028 N 9.208268 E,SBJ17H,PAIRED,RANDOM,METAGENOMIC,human gut metagenome,ILLUMINA,2018-08-14T00:00:00Z,replicate = biological replicate 36,SBJ17H,SRP136711
SRR6915113,WGS,198,12792394056,PRJNA447983,SAMN08814055,"MIMS.me,MIGS/MIMS/MIMARKS.human-gut",6227036861,ANDREWMALTEZTHOMAS@GMAIL.COM'S SHARED SUBMISSIONS,2017-02-12,public,"sra,fastq","gs,s3,ncbi","s3.us-east-1,ncbi.public,gs.US",human,digestive system,stool,SRX3862897,Italy,Europe,Italy: Vercelli,Homo sapiens,Illumina HiSeq 2500,45.312990 N 8.422263 E,VF171,PAIRED,RANDOM,METAGENOMIC,human gut metagenome,ILLUMINA,2018-08-14T00:00:00Z,replicate = biological replicate 136,VF171,SRP136711
SRR6915114,WGS,198,3181709591,PRJNA447983,SAMN08813943,"MIMS.me,MIGS/MIMS/MIMARKS.human-gut",1561119987,ANDREWMALTEZTHOMAS@GMAIL.COM'S SHARED SUBMISSIONS,2016-01-11,public,"fastq,sra","ncbi,gs,s3","s3.us-east-1,gs.US,ncbi.public",human,digestive system,stool,SRX3862896,Italy,Europe,Italy: Milan,Homo sapiens,Illumina HiSeq 2500,45.414028 N 9.208268 E,SBJ69H,PAIRED,RANDOM,METAGENOMIC,human gut metagenome,ILLUMINA,2018-08-14T00:00:00Z,replicate = biological replicate 24,SBJ69H,SRP136711
SRR6915115,WGS,198,2751055252,PRJNA447983,SAMN08813998,"MIMS.me,MIGS/MIMS/MIMARKS.human-gut",1349347102,ANDREWMALTEZTHOMAS@GMAIL.COM'S SHARED SUBMISSIONS,2017-02-12,public,"fastq,sra","gs,s3,ncbi","gs.US,s3.us-east-1,ncbi.public",human,digestive system,stool,SRX3862895,Italy,Europe,Italy: Vercelli,Homo sapiens,Illumina HiSeq 2500,45.312990 N 8.422263 E,VF166,PAIRED,RANDOM,METAGENOMIC,human gut metagenome,ILLUMINA,2018-08-14T00:00:00Z,replicate = biological replicate 79,VF166,SRP136711
SRR6915118,WGS,198,4833830559,PRJNA447983,SAMN08814035,"MIMS.me,MIGS/MIMS/MIMARKS.human-gut",2332154755,ANDREWMALTEZTHOMAS@GMAIL.COM'S SHARED SUBMISSIONS,2017-02-12,public,"fastq,sra","ncbi,s3,gs","gs.US,s3.us-east-1,ncbi.public",human,digestive system,stool,SRX3862892,Italy,Europe,Italy: Vercelli,Homo sapiens,Illumina HiSeq 2500,45.312990 N 8.422263 E,VF172,PAIRED,RANDOM,METAGENOMIC,human gut metagenome,ILLUMINA,2018-08-14T00:00:00Z,replicate = biological replicate 116,VF172,SRP136711
SRR6915122,WGS,198,18090843680,PRJNA447983,SAMN08814056,"MIMS.me,MIGS/MIMS/MIMARKS.human-gut",8705303021,ANDREWMALTEZTHOMAS@GMAIL.COM'S SHARED SUBMISSIONS,2017-02-12,public,"fastq,sra","gs,s3,ncbi","ncbi.public,s3.us-east-1,gs.US",human,digestive system,stool,SRX3862888,Italy,Europe,Italy: Vercelli,Homo sapiens,Illumina HiSeq 2500,45.312990 N 8.422263 E,VF18,PAIRED,RANDOM,METAGENOMIC,human gut metagenome,ILLUMINA,2018-08-14T00:00:00Z,replicate = biological replicate 137,VF18,SRP136711
SRR6915123,WGS,198,2325769283,PRJNA447983,SAMN08814001,"MIMS.me,MIGS/MIMS/MIMARKS.human-gut",1135087874,ANDREWMALTEZTHOMAS@GMAIL.COM'S SHARED SUBMISSIONS,2017-02-12,public,"sra,fastq","s3,gs,ncbi","s3.us-east-1,ncbi.public,gs.US",human,digestive system,stool,SRX3862887,Italy,Europe,Italy: Vercelli,Homo sapiens,Illumina HiSeq 2500,45.312990 N 8.422263 E,VF192,PAIRED,RANDOM,METAGENOMIC,human gut metagenome,ILLUMINA,2018-08-14T00:00:00Z,replicate = biological replicate 82,VF192,SRP136711
SRR6915124,WGS,198,3001417218,PRJNA447983,SAMN08814002,"MIMS.me,MIGS/MIMS/MIMARKS.human-gut",1458094073,ANDREWMALTEZTHOMAS@GMAIL.COM'S SHARED SUBMISSIONS,2017-02-12,public,"fastq,sra","gs,s3,ncbi","gs.US,s3.us-east-1,ncbi.public",human,digestive system,stool,SRX3862886,Italy,Europe,Italy: Vercelli,Homo sapiens,Illumina HiSeq 2500,45.312990 N 8.422263 E,VF197,PAIRED,RANDOM,METAGENOMIC,human gut metagenome,ILLUMINA,2018-08-14T00:00:00Z,replicate = biological replicate 83,VF197,SRP136711
SRR6915126,WGS,198,8053932609,PRJNA447983,SAMN08813937,"MIMS.me,MIGS/MIMS/MIMARKS.human-gut",3944646126,ANDREWMALTEZTHOMAS@GMAIL.COM'S SHARED SUBMISSIONS,2016-01-11,public,"sra,fastq","ncbi,s3,gs","ncbi.public,gs.US,s3.us-east-1",human,digestive system,stool,SRX3862884,Italy,Europe,Italy: Milan,Homo sapiens,Illumina HiSeq 2500,45.414028 N 9.208268 E,SBJ63H,PAIRED,RANDOM,METAGENOMIC,human gut metagenome,ILLUMINA,2018-08-14T00:00:00Z,replicate = biological replicate 18,SBJ63H,SRP136711
SRR6915131,WGS,198,8871734689,PRJNA447983,SAMN08813973,"MIMS.me,MIGS/MIMS/MIMARKS.human-gut",4260177685,ANDREWMALTEZTHOMAS@GMAIL.COM'S SHARED SUBMISSIONS,2016-01-11,public,"fastq,sra","gs,ncbi,s3","gs.US,ncbi.public,s3.us-east-1",human,digestive system,stool,SRX3862879,Italy,Europe,Italy: Milan,Homo sapiens,Illumina HiSeq 2500,45.414028 N 9.208268 E,SBJ45H,PAIRED,RANDOM,METAGENOMIC,human gut metagenome,ILLUMINA,2018-08-14T00:00:00Z,replicate = biological replicate 54,SBJ45H,SRP136711
SRR6915135,WGS,198,3358393294,PRJNA447983,SAMN08813960,"MIMS.me,MIGS/MIMS/MIMARKS.human-gut",1639149671,ANDREWMALTEZTHOMAS@GMAIL.COM'S SHARED SUBMISSIONS,2016-01-11,public,"fastq,sra","s3,ncbi,gs","ncbi.public,gs.US,s3.us-east-1",human,digestive system,stool,SRX3862875,Italy,Europe,Italy: Milan,Homo sapiens,Illumina HiSeq 2500,45.414028 N 9.208268 E,SBJ55C,PAIRED,RANDOM,METAGENOMIC,human gut metagenome,ILLUMINA,2018-08-14T00:00:00Z,replicate = biological replicate 41,SBJ55C,SRP136711
SRR6915139,WGS,198,3759714541,PRJNA447983,SAMN08814013,"MIMS.me,MIGS/MIMS/MIMARKS.human-gut",1845795088,ANDREWMALTEZTHOMAS@GMAIL.COM'S SHARED SUBMISSIONS,2017-02-12,public,"sra,fastq","s3,ncbi,gs","ncbi.public,s3.us-east-1,gs.US",human,digestive system,stool,SRX3862871,Italy,Europe,Italy: Vercelli,Homo sapiens,Illumina HiSeq 2500,45.312990 N 8.422263 E,VF50,PAIRED,RANDOM,METAGENOMIC,human gut metagenome,ILLUMINA,2018-08-14T00:00:00Z,replicate = biological replicate 94,VF50,SRP136711
SRR6915140,WGS,198,4123024408,PRJNA447983,SAMN08814014,"MIMS.me,MIGS/MIMS/MIMARKS.human-gut",1978761500,ANDREWMALTEZTHOMAS@GMAIL.COM'S SHARED SUBMISSIONS,2017-02-12,public,"fastq,sra","s3,ncbi,gs","ncbi.public,gs.US,s3.us-east-1",human,digestive system,stool,SRX3862870,Italy,Europe,Italy: Vercelli,Homo sapiens,Illumina HiSeq 2500,45.312990 N 8.422263 E,VF55,PAIRED,RANDOM,METAGENOMIC,human gut metagenome,ILLUMINA,2018-08-14T00:00:00Z,replicate = biological replicate 95,VF55,SRP136711
SRR6915142,WGS,199,3582865378,PRJNA447983,SAMN08814016,"MIMS.me,MIGS/MIMS/MIMARKS.human-gut",1710181479,ANDREWMALTEZTHOMAS@GMAIL.COM'S SHARED SUBMISSIONS,2017-02-12,public,"fastq,sra","gs,s3,ncbi","gs.US,s3.us-east-1,ncbi.public",human,digestive system,stool,SRX3862868,Italy,Europe,Italy: Vercelli,Homo sapiens,Illumina HiSeq 2500,45.312990 N 8.422263 E,VF60,PAIRED,RANDOM,METAGENOMIC,human gut metagenome,ILLUMINA,2018-08-14T00:00:00Z,replicate = biological replicate 97,VF60,SRP136711
SRR6915147,WGS,198,3038841388,PRJNA447983,SAMN08813968,"MIMS.me,MIGS/MIMS/MIMARKS.human-gut",1459376070,ANDREWMALTEZTHOMAS@GMAIL.COM'S SHARED SUBMISSIONS,2016-01-11,public,"fastq,sra","gs,s3,ncbi","ncbi.public,gs.US,s3.us-east-1",human,digestive system,stool,SRX3862863,Italy,Europe,Italy: Milan,Homo sapiens,Illumina HiSeq 2500,45.414028 N 9.208268 E,SBJ36C,PAIRED,RANDOM,METAGENOMIC,human gut metagenome,ILLUMINA,2018-08-14T00:00:00Z,replicate = biological replicate 49,SBJ36C,SRP136711
SRR6915149,WGS,198,3664612940,PRJNA447983,SAMN08813929,"MIMS.me,MIGS/MIMS/MIMARKS.human-gut",1755442049,ANDREWMALTEZTHOMAS@GMAIL.COM'S SHARED SUBMISSIONS,2016-01-11,public,"sra,fastq","ncbi,gs,s3","gs.US,s3.us-east-1,ncbi.public",human,digestive system,stool,SRX3862861,Italy,Europe,Italy: Milan,Homo sapiens,Illumina HiSeq 2500,45.414028 N 9.208268 E,SBJ34H,PAIRED,RANDOM,METAGENOMIC,human gut metagenome,ILLUMINA,2018-08-14T00:00:00Z,replicate = biological replicate 10,SBJ34H,SRP136711
SRR6915158,WGS,198,2544705351,PRJNA447983,SAMN08814026,"MIMS.me,MIGS/MIMS/MIMARKS.human-gut",1247130301,ANDREWMALTEZTHOMAS@GMAIL.COM'S SHARED SUBMISSIONS,2017-02-12,public,"sra,fastq","s3,ncbi,gs","gs.US,s3.us-east-1,ncbi.public",human,digestive system,stool,SRX3862852,Italy,Europe,Italy: Vercelli,Homo sapiens,Illumina HiSeq 2500,45.312990 N 8.422263 E,VF95,PAIRED,RANDOM,METAGENOMIC,human gut metagenome,ILLUMINA,2018-08-14T00:00:00Z,replicate = biological replicate 107,VF95,SRP136711
SRR6915164,WGS,198,3552214977,PRJNA447983,SAMN08814024,"MIMS.me,MIGS/MIMS/MIMARKS.human-gut",1744429480,ANDREWMALTEZTHOMAS@GMAIL.COM'S SHARED SUBMISSIONS,2017-02-12,public,"fastq,sra","ncbi,gs,s3","ncbi.public,gs.US,s3.us-east-1",human,digestive system,stool,SRX3862846,Italy,Europe,Italy: Vercelli,Homo sapiens,Illumina HiSeq 2500,45.312990 N 8.422263 E,VF84,PAIRED,RANDOM,METAGENOMIC,human gut metagenome,ILLUMINA,2018-08-14T00:00:00Z,replicate = biological replicate 105,VF84,SRP136711
SRR6915166,WGS,198,4657953839,PRJNA447983,SAMN08814023,"MIMS.me,MIGS/MIMS/MIMARKS.human-gut",2265548060,ANDREWMALTEZTHOMAS@GMAIL.COM'S SHARED SUBMISSIONS,2017-02-12,public,"sra,fastq","gs,s3,ncbi","s3.us-east-1,ncbi.public,gs.US",human,digestive system,stool,SRX3862844,Italy,Europe,Italy: Vercelli,Homo sapiens,Illumina HiSeq 2500,45.312990 N 8.422263 E,VF77,PAIRED,RANDOM,METAGENOMIC,human gut metagenome,ILLUMINA,2018-08-14T00:00:00Z,replicate = biological replicate 104,VF77,SRP136711
SRR6915168,WGS,198,2630654543,PRJNA447983,SAMN08813939,"MIMS.me,MIGS/MIMS/MIMARKS.human-gut",1291908432,ANDREWMALTEZTHOMAS@GMAIL.COM'S SHARED SUBMISSIONS,2016-01-11,public,"sra,fastq","ncbi,gs,s3","gs.US,s3.us-east-1,ncbi.public",human,digestive system,stool,SRX3862842,Italy,Europe,Italy: Milan,Homo sapiens,Illumina HiSeq 2500,45.414028 N 9.208268 E,SBJ77H,PAIRED,RANDOM,METAGENOMIC,human gut metagenome,ILLUMINA,2018-08-14T00:00:00Z,replicate = biological replicate 20,SBJ77H,SRP136711
SRR6915169,WGS,198,2264379075,PRJNA447983,SAMN08813926,"MIMS.me,MIGS/MIMS/MIMARKS.human-gut",1117579794,ANDREWMALTEZTHOMAS@GMAIL.COM'S SHARED SUBMISSIONS,2016-01-11,public,"fastq,sra","s3,gs,ncbi","ncbi.public,gs.US,s3.us-east-1",human,digestive system,stool,SRX3862841,Italy,Europe,Italy: Milan,Homo sapiens,Illumina HiSeq 2500,45.414028 N 9.208268 E,SBJ75H,PAIRED,RANDOM,METAGENOMIC,human gut metagenome,ILLUMINA,2018-08-14T00:00:00Z,replicate = biological replicate 7,SBJ75H,SRP136711
SRR6915170,WGS,198,2863592421,PRJNA447983,SAMN08813976,"MIMS.me,MIGS/MIMS/MIMARKS.human-gut",1411340865,ANDREWMALTEZTHOMAS@GMAIL.COM'S SHARED SUBMISSIONS,2016-01-11,public,"fastq,sra","s3,ncbi,gs","ncbi.public,gs.US,s3.us-east-1",human,digestive system,stool,SRX3862840,Italy,Europe,Italy: Milan,Homo sapiens,Illumina HiSeq 2500,45.414028 N 9.208268 E,SBJ74H,PAIRED,RANDOM,METAGENOMIC,human gut metagenome,ILLUMINA,2018-08-14T00:00:00Z,replicate = biological replicate 57,SBJ74H,SRP136711
SRR6915171,WGS,198,3613264754,PRJNA447983,SAMN08813972,"MIMS.me,MIGS/MIMS/MIMARKS.human-gut",1758730344,ANDREWMALTEZTHOMAS@GMAIL.COM'S SHARED SUBMISSIONS,2016-01-11,public,"fastq,sra","ncbi,s3,gs","s3.us-east-1,ncbi.public,gs.US",human,digestive system,stool,SRX3862839,Italy,Europe,Italy: Milan,Homo sapiens,Illumina HiSeq 2500,45.414028 N 9.208268 E,SBJ82H,PAIRED,RANDOM,METAGENOMIC,human gut metagenome,ILLUMINA,2018-08-14T00:00:00Z,replicate = biological replicate 53,SBJ82H,SRP136711
SRR6915173,WGS,198,2466568920,PRJNA447983,SAMN08813962,"MIMS.me,MIGS/MIMS/MIMARKS.human-gut",1209186387,ANDREWMALTEZTHOMAS@GMAIL.COM'S SHARED SUBMISSIONS,2016-01-11,public,"sra,fastq","ncbi,s3,gs","s3.us-east-1,ncbi.public,gs.US",human,digestive system,stool,SRX3862837,Italy,Europe,Italy: Milan,Homo sapiens,Illumina HiSeq 2500,45.414028 N 9.208268 E,SBJ80H,PAIRED,RANDOM,METAGENOMIC,human gut metagenome,ILLUMINA,2018-08-14T00:00:00Z,replicate = biological replicate 43,SBJ80H,SRP136711
SRR6915177,WGS,196,3758212211,PRJNA447983,SAMN08813928,"MIMS.me,MIGS/MIMS/MIMARKS.human-gut",1793278310,ANDREWMALTEZTHOMAS@GMAIL.COM'S SHARED SUBMISSIONS,2016-01-11,public,"fastq,sra","ncbi,s3,gs","gs.US,s3.us-east-1,ncbi.public",human,digestive system,stool,SRX3862833,Italy,Europe,Italy: Milan,Homo sapiens,Illumina HiSeq 2500,45.414028 N 9.208268 E,SBJ12C,PAIRED,RANDOM,METAGENOMIC,human gut metagenome,ILLUMINA,2018-08-14T00:00:00Z,replicate = biological replicate 9,SBJ12C,SRP136711
SRR6915178,WGS,198,4649468222,PRJNA447983,SAMN08813944,"MIMS.me,MIGS/MIMS/MIMARKS.human-gut",2253624017,ANDREWMALTEZTHOMAS@GMAIL.COM'S SHARED SUBMISSIONS,2016-01-11,public,"sra,fastq","s3,ncbi,gs","s3.us-east-1,ncbi.public,gs.US",human,digestive system,stool,SRX3862832,Italy,Europe,Italy: Milan,Homo sapiens,Illumina HiSeq 2500,45.414028 N 9.208268 E,SBJ11C,PAIRED,RANDOM,METAGENOMIC,human gut metagenome,ILLUMINA,2018-08-14T00:00:00Z,replicate = biological replicate 25,SBJ11C,SRP136711
SRR6915180,WGS,198,4307730812,PRJNA447983,SAMN08813967,"MIMS.me,MIGS/MIMS/MIMARKS.human-gut",2040912467,ANDREWMALTEZTHOMAS@GMAIL.COM'S SHARED SUBMISSIONS,2016-01-11,public,"fastq,sra","s3,gs,ncbi","ncbi.public,gs.US,s3.us-east-1",human,digestive system,stool,SRX3862830,Italy,Europe,Italy: Milan,Homo sapiens,Illumina HiSeq 2500,45.414028 N 9.208268 E,SBJ05C,PAIRED,RANDOM,METAGENOMIC,human gut metagenome,ILLUMINA,2018-08-14T00:00:00Z,replicate = biological replicate 48,SBJ05C,SRP136711
SRR6915184,WGS,198,4176016663,PRJNA447983,SAMN08813946,"MIMS.me,MIGS/MIMS/MIMARKS.human-gut",2024824483,ANDREWMALTEZTHOMAS@GMAIL.COM'S SHARED SUBMISSIONS,2016-01-11,public,"sra,fastq","s3,ncbi,gs","s3.us-east-1,gs.US,ncbi.public",human,digestive system,stool,SRX3862826,Italy,Europe,Italy: Milan,Homo sapiens,Illumina HiSeq 2500,45.414028 N 9.208268 E,SBJ01C,PAIRED,RANDOM,METAGENOMIC,human gut metagenome,ILLUMINA,2018-08-14T00:00:00Z,replicate = biological replicate 27,SBJ01C,SRP136711
SRR6915187,WGS,198,1712654937,PRJNA447983,SAMN08814049,"MIMS.me,MIGS/MIMS/MIMARKS.human-gut",840873177,ANDREWMALTEZTHOMAS@GMAIL.COM'S SHARED SUBMISSIONS,2017-02-12,public,"sra,fastq","s3,ncbi,gs","gs.US,s3.us-east-1,ncbi.public",human,digestive system,stool,SRX3862823,Italy,Europe,Italy: Vercelli,Homo sapiens,Illumina HiSeq 2500,45.312990 N 8.422263 E,VF265,PAIRED,RANDOM,METAGENOMIC,human gut metagenome,ILLUMINA,2018-08-14T00:00:00Z,replicate = biological replicate 130,VF265,SRP136711
SRR6915191,WGS,198,2191850458,PRJNA447983,SAMN08814046,"MIMS.me,MIGS/MIMS/MIMARKS.human-gut",1061265422,ANDREWMALTEZTHOMAS@GMAIL.COM'S SHARED SUBMISSIONS,2017-02-12,public,"sra,fastq","s3,gs,ncbi","ncbi.public,s3.us-east-1,gs.US",human,digestive system,stool,SRX3862819,Italy,Europe,Italy: Vercelli,Homo sapiens,Illumina HiSeq 2500,45.312990 N 8.422263 E,VF261,PAIRED,RANDOM,METAGENOMIC,human gut metagenome,ILLUMINA,2018-08-14T00:00:00Z,replicate = biological replicate 127,VF261,SRP136711
SRR6915192,WGS,198,5636441101,PRJNA447983,SAMN08814047,"MIMS.me,MIGS/MIMS/MIMARKS.human-gut",2730462255,ANDREWMALTEZTHOMAS@GMAIL.COM'S SHARED SUBMISSIONS,2017-02-12,public,"sra,fastq","ncbi,s3,gs","gs.US,s3.us-east-1,ncbi.public",human,digestive system,stool,SRX3862818,Italy,Europe,Italy: Vercelli,Homo sapiens,Illumina HiSeq 2500,45.312990 N 8.422263 E,VF262,PAIRED,RANDOM,METAGENOMIC,human gut metagenome,ILLUMINA,2018-08-14T00:00:00Z,replicate = biological replicate 128,VF262,SRP136711
SRR6915195,WGS,198,7093186441,PRJNA447983,SAMN08813957,"MIMS.me,MIGS/MIMS/MIMARKS.human-gut",3506604824,ANDREWMALTEZTHOMAS@GMAIL.COM'S SHARED SUBMISSIONS,2016-01-11,public,"sra,fastq","gs,ncbi,s3","s3.us-east-1,ncbi.public,gs.US",human,digestive system,stool,SRX3862815,Italy,Europe,Italy: Milan,Homo sapiens,Illumina HiSeq 2500,45.414028 N 9.208268 E,SBJ64C,PAIRED,RANDOM,METAGENOMIC,human gut metagenome,ILLUMINA,2018-08-14T00:00:00Z,replicate = biological replicate 38,SBJ64C,SRP136711
SRR6915197,WGS,198,3849125332,PRJNA447983,SAMN08813953,"MIMS.me,MIGS/MIMS/MIMARKS.human-gut",1902317332,ANDREWMALTEZTHOMAS@GMAIL.COM'S SHARED SUBMISSIONS,2016-01-11,public,"sra,fastq","ncbi,s3,gs","ncbi.public,s3.us-east-1,gs.US",human,digestive system,stool,SRX3862813,Italy,Europe,Italy: Milan,Homo sapiens,Illumina HiSeq 2500,45.414028 N 9.208268 E,SBJ67H,PAIRED,RANDOM,METAGENOMIC,human gut metagenome,ILLUMINA,2018-08-14T00:00:00Z,replicate = biological replicate 34,SBJ67H,SRP136711
SRR6915201,WGS,198,2780984782,PRJNA447983,SAMN08814032,"MIMS.me,MIGS/MIMS/MIMARKS.human-gut",1354860856,ANDREWMALTEZTHOMAS@GMAIL.COM'S SHARED SUBMISSIONS,2017-02-12,public,"sra,fastq","ncbi,s3,gs","ncbi.public,gs.US,s3.us-east-1",human,digestive system,stool,SRX3862809,Italy,Europe,Italy: Vercelli,Homo sapiens,Illumina HiSeq 2500,45.312990 N 8.422263 E,VF273,PAIRED,RANDOM,METAGENOMIC,human gut metagenome,ILLUMINA,2018-08-14T00:00:00Z,replicate = biological replicate 113,VF273,SRP136711
SRR6915202,WGS,198,7612013260,PRJNA447983,SAMN08814050,"MIMS.me,MIGS/MIMS/MIMARKS.human-gut",3630544727,ANDREWMALTEZTHOMAS@GMAIL.COM'S SHARED SUBMISSIONS,2017-02-12,public,"fastq,sra","gs,ncbi,s3","ncbi.public,gs.US,s3.us-east-1",human,digestive system,stool,SRX3862808,Italy,Europe,Italy: Vercelli,Homo sapiens,Illumina HiSeq 2500,45.312990 N 8.422263 E,VF279,PAIRED,RANDOM,METAGENOMIC,human gut metagenome,ILLUMINA,2018-08-14T00:00:00Z,replicate = biological replicate 131,VF279,SRP136711
SRR6915203,WGS,198,2282261877,PRJNA447983,SAMN08814052,"MIMS.me,MIGS/MIMS/MIMARKS.human-gut",1124267001,ANDREWMALTEZTHOMAS@GMAIL.COM'S SHARED SUBMISSIONS,2017-02-12,public,"sra,fastq","ncbi,s3,gs","gs.US,s3.us-east-1,ncbi.public",human,digestive system,stool,SRX3862807,Italy,Europe,Italy: Vercelli,Homo sapiens,Illumina HiSeq 2500,45.312990 N 8.422263 E,VF301,PAIRED,RANDOM,METAGENOMIC,human gut metagenome,ILLUMINA,2018-08-14T00:00:00Z,replicate = biological replicate 133,VF301,SRP136711
SRR6915214,WGS,198,3156570522,PRJNA447983,SAMN08813992,"MIMS.me,MIGS/MIMS/MIMARKS.human-gut",1521180131,ANDREWMALTEZTHOMAS@GMAIL.COM'S SHARED SUBMISSIONS,2017-02-12,public,"sra,fastq","ncbi,gs,s3","s3.us-east-1,ncbi.public,gs.US",human,digestive system,stool,SRX3862796,Italy,Europe,Italy: Vercelli,Homo sapiens,Illumina HiSeq 2500,45.312990 N 8.422263 E,VF102,PAIRED,RANDOM,METAGENOMIC,human gut metagenome,ILLUMINA,2018-08-14T00:00:00Z,replicate = biological replicate 73,VF102,SRP136711
SRR6915215,WGS,198,9177119226,PRJNA447983,SAMN08814008,"MIMS.me,MIGS/MIMS/MIMARKS.human-gut",4415498694,ANDREWMALTEZTHOMAS@GMAIL.COM'S SHARED SUBMISSIONS,2017-02-12,public,"fastq,sra","ncbi,gs,s3","s3.us-east-1,gs.US,ncbi.public",human,digestive system,stool,SRX3862795,Italy,Europe,Italy: Vercelli,Homo sapiens,Illumina HiSeq 2500,45.312990 N 8.422263 E,VF37,PAIRED,RANDOM,METAGENOMIC,human gut metagenome,ILLUMINA,2018-08-14T00:00:00Z,replicate = biological replicate 89,VF37,SRP136711
SRR6915219,WGS,198,4312690198,PRJNA447983,SAMN08813997,"MIMS.me,MIGS/MIMS/MIMARKS.human-gut",2080846880,ANDREWMALTEZTHOMAS@GMAIL.COM'S SHARED SUBMISSIONS,2017-02-12,public,"fastq,sra","ncbi,s3,gs","gs.US,s3.us-east-1,ncbi.public",human,digestive system,stool,SRX3862791,Italy,Europe,Italy: Vercelli,Homo sapiens,Illumina HiSeq 2500,45.312990 N 8.422263 E,VF154,PAIRED,RANDOM,METAGENOMIC,human gut metagenome,ILLUMINA,2018-08-14T00:00:00Z,replicate = biological replicate 78,VF154,SRP136711
SRR6915223,WGS,197,6123412426,PRJNA447983,SAMN08813982,"MIMS.me,MIGS/MIMS/MIMARKS.human-gut",2999485552,ANDREWMALTEZTHOMAS@GMAIL.COM'S SHARED SUBMISSIONS,2017-02-12,public,"sra,fastq","gs,s3,ncbi","ncbi.public,gs.US,s3.us-east-1",human,digestive system,stool,SRX3862787,Italy,Europe,Italy: Vercelli,Homo sapiens,Illumina HiSeq 2500,45.312990 N 8.422263 E,GF15,PAIRED,RANDOM,METAGENOMIC,human gut metagenome,ILLUMINA,2018-08-14T00:00:00Z,replicate = biological replicate 63,GF15,SRP136711
SRR6915225,WGS,197,7863262112,PRJNA447983,SAMN08813980,"MIMS.me,MIGS/MIMS/MIMARKS.human-gut",3846347043,ANDREWMALTEZTHOMAS@GMAIL.COM'S SHARED SUBMISSIONS,2017-02-12,public,"sra,fastq","ncbi,s3,gs","gs.US,s3.us-east-1,ncbi.public",human,digestive system,stool,SRX3862785,Italy,Europe,Italy: Vercelli,Homo sapiens,Illumina HiSeq 2500,45.312990 N 8.422263 E,GF06,PAIRED,RANDOM,METAGENOMIC,human gut metagenome,ILLUMINA,2018-08-14T00:00:00Z,replicate = biological replicate 61,GF06,SRP136711
SRR6915227,WGS,198,9757105527,PRJNA447983,SAMN08813986,"MIMS.me,MIGS/MIMS/MIMARKS.human-gut",4745474053,ANDREWMALTEZTHOMAS@GMAIL.COM'S SHARED SUBMISSIONS,2017-02-12,public,"fastq,sra","ncbi,s3,gs","gs.US,s3.us-east-1,ncbi.public",human,digestive system,stool,SRX3862783,Italy,Europe,Italy: Vercelli,Homo sapiens,Illumina HiSeq 2500,45.312990 N 8.422263 E,VF00TL,PAIRED,RANDOM,METAGENOMIC,human gut metagenome,ILLUMINA,2018-08-14T00:00:00Z,replicate = biological replicate 67,VF00TL,SRP136711
SRR6915228,WGS,198,2724618005,PRJNA447983,SAMN08813987,"MIMS.me,MIGS/MIMS/MIMARKS.human-gut",1315047258,ANDREWMALTEZTHOMAS@GMAIL.COM'S SHARED SUBMISSIONS,2017-02-12,public,"sra,fastq","s3,gs,ncbi","s3.us-east-1,gs.US,ncbi.public",human,digestive system,stool,SRX3862782,Italy,Europe,Italy: Vercelli,Homo sapiens,Illumina HiSeq 2500,45.312990 N 8.422263 E,VF02,PAIRED,RANDOM,METAGENOMIC,human gut metagenome,ILLUMINA,2018-08-14T00:00:00Z,replicate = biological replicate 68,VF02,SRP136711
SRR6915230,WGS,198,2867366381,PRJNA447983,SAMN08813985,"MIMS.me,MIGS/MIMS/MIMARKS.human-gut",1386001495,ANDREWMALTEZTHOMAS@GMAIL.COM'S SHARED SUBMISSIONS,2017-02-12,public,"fastq,sra","s3,gs,ncbi","gs.US,s3.us-east-1,ncbi.public",human,digestive system,stool,SRX3862780,Italy,Europe,Italy: Vercelli,Homo sapiens,Illumina HiSeq 2500,45.312990 N 8.422263 E,GF18,PAIRED,RANDOM,METAGENOMIC,human gut metagenome,ILLUMINA,2018-08-14T00:00:00Z,replicate = biological replicate 66,GF18,SRP136711
