Run,Assay Type,AvgSpotLen,Bases,BioProject,BioSample,Bytes,Center Name,Consent,DATASTORE filetype,DATASTORE provider,DATASTORE region,ENA-FIRST-PUBLIC (run),ENA_first_public,ENA-LAST-UPDATE (run),ENA-LAST-UPDATE,Experiment,External_Id,INSDC_center_alias,INSDC_center_name,INSDC_first_public,INSDC_last_update,INSDC_status,Instrument,Library Name,LibraryLayout,LibrarySelection,LibrarySource,Organism,Platform,ReleaseDate,Sample Name,sample_name,SRA Study,Submitter_Id
ERR275251,WGS,202,3014779704,PRJEB1786,SAMEA1906535,2200648523,CHALMERS UNIVERSITY OF TECHNOLOGY,public,"fastq,sra","gs,s3,ena","s3.us-east-1,gs.US,ena",2013-05-21,2013-05-16,2018-11-16,2021-03-19,ERX249573,SAMEA1906535,CHALMERS,Chalmers University of Technology,2013-05-16T17:02:25Z,2021-03-19T12:07:43Z,public,Illumina HiSeq 2000,unspecified,PAIRED,RANDOM,METAGENOMIC,human metagenome,ILLUMINA,2013-06-05T00:00:00Z,SAMEA1906535,81,ERP002469,81
ERR275252,WGS,202,3603680606,PRJEB1786,SAMEA1906554,2644290139,CHALMERS UNIVERSITY OF TECHNOLOGY,public,"fastq,sra","ena,gs","ena,gs.US",2013-05-21,2013-05-16,2018-11-16,2021-03-19,ERX249574,SAMEA1906554,CHALMERS,Chalmers University of Technology,2013-05-16T17:02:25Z,2021-03-19T12:07:44Z,public,Illumina HiSeq 2000,unspecified,PAIRED,RANDOM,METAGENOMIC,human metagenome,ILLUMINA,2013-06-05T00:00:00Z,SAMEA1906554,82,ERP002469,82
ERR260132,WGS,202,2756179910,PRJEB1786,SAMEA1906452,1946953783,CHALMERS UNIVERSITY OF TECHNOLOGY,public,"fastq,sra","gs,s3,ena","gs.US,ena,s3.us-east-1",2013-05-16,2013-05-16,2018-11-16,2021-03-19,ERX234720,SAMEA1906452,CHALMERS,Chalmers University of Technology,2013-05-16T17:02:25Z,2021-03-19T12:07:44Z,public,Illumina HiSeq 2000,unspecified,PAIRED,RANDOM,METAGENOMIC,human metagenome,ILLUMINA,2013-05-27T00:00:00Z,SAMEA1906452,1,ERP002469,1
ERR260133,WGS,202,2664136590,PRJEB1786,SAMEA1906536,1816728601,CHALMERS UNIVERSITY OF TECHNOLOGY,public,"fastq,sra","gs,ena,s3","gs.US,s3.us-east-1,ena",2013-05-16,2013-05-16,2018-11-16,2021-03-19,ERX234721,SAMEA1906536,CHALMERS,Chalmers University of Technology,2013-05-16T17:02:25Z,2021-03-19T12:07:43Z,public,Illumina HiSeq 2000,unspecified,PAIRED,RANDOM,METAGENOMIC,human metagenome,ILLUMINA,2013-05-27T00:00:00Z,SAMEA1906536,2,ERP002469,2
ERR260134,WGS,202,14947398242,PRJEB1786,SAMEA1906542,10496273654,CHALMERS UNIVERSITY OF TECHNOLOGY,public,"fastq,sra","ena,gs,s3","s3.us-east-1,gs.US,ena",2013-05-16,2013-05-16,2018-11-16,2021-03-19,ERX234722,SAMEA1906542,CHALMERS,Chalmers University of Technology,2013-05-16T17:02:25Z,2021-03-19T12:07:44Z,public,Illumina HiSeq 2000,unspecified,PAIRED,RANDOM,METAGENOMIC,human metagenome,ILLUMINA,2013-05-27T00:00:00Z,SAMEA1906542,3,ERP002469,3
ERR260135,WGS,202,13981314860,PRJEB1786,SAMEA1906527,10216778282,CHALMERS UNIVERSITY OF TECHNOLOGY,public,"fastq,sra","gs,ena,s3","s3.us-east-1,ena,gs.US",2013-05-16,2013-05-16,2018-11-16,2021-03-19,ERX234723,SAMEA1906527,CHALMERS,Chalmers University of Technology,2013-05-16T17:02:25Z,2021-03-19T12:07:43Z,public,Illumina HiSeq 2000,unspecified,PAIRED,RANDOM,METAGENOMIC,human metagenome,ILLUMINA,2013-05-27T00:00:00Z,SAMEA1906527,4,ERP002469,4
ERR260136,WGS,202,2589449312,PRJEB1786,SAMEA1906516,1795878047,CHALMERS UNIVERSITY OF TECHNOLOGY,public,"fastq,sra","gs,ena,s3","s3.us-east-1,ena,gs.US",2013-05-16,2013-05-16,2018-11-16,2021-03-19,ERX234724,SAMEA1906516,CHALMERS,Chalmers University of Technology,2013-05-16T17:02:25Z,2021-03-19T12:07:43Z,public,Illumina HiSeq 2000,unspecified,PAIRED,RANDOM,METAGENOMIC,human metagenome,ILLUMINA,2013-05-27T00:00:00Z,SAMEA1906516,5,ERP002469,5
ERR260137,WGS,202,1942446342,PRJEB1786,SAMEA1906573,1380947848,CHALMERS UNIVERSITY OF TECHNOLOGY,public,"fastq,sra","s3,ena,gs","s3.us-east-1,gs.US,ena",2013-05-16,2013-05-16,2018-11-16,2021-03-19,ERX234725,SAMEA1906573,CHALMERS,Chalmers University of Technology,2013-05-16T17:02:25Z,2021-03-19T12:07:43Z,public,Illumina HiSeq 2000,unspecified,PAIRED,RANDOM,METAGENOMIC,human metagenome,ILLUMINA,2013-05-27T00:00:00Z,SAMEA1906573,6,ERP002469,6
ERR260138,WGS,202,3430913238,PRJEB1786,SAMEA1906552,2408785602,CHALMERS UNIVERSITY OF TECHNOLOGY,public,"sra,fastq","gs,ena,s3","ena,s3.us-east-1,gs.US",2013-05-16,2013-05-16,2018-11-16,2021-03-19,ERX234726,SAMEA1906552,CHALMERS,Chalmers University of Technology,2013-05-16T17:02:25Z,2021-03-19T12:07:44Z,public,Illumina HiSeq 2000,unspecified,PAIRED,RANDOM,METAGENOMIC,human metagenome,ILLUMINA,2013-05-27T00:00:00Z,SAMEA1906552,7,ERP002469,7
ERR260139,WGS,202,2036676514,PRJEB1786,SAMEA1906465,1429558409,CHALMERS UNIVERSITY OF TECHNOLOGY,public,"sra,fastq","gs,ena,s3","s3.us-east-1,gs.US,ena",2013-05-16,2013-05-16,2018-11-16,2021-03-19,ERX234727,SAMEA1906465,CHALMERS,Chalmers University of Technology,2013-05-16T17:02:25Z,2021-03-19T12:07:43Z,public,Illumina HiSeq 2000,unspecified,PAIRED,RANDOM,METAGENOMIC,human metagenome,ILLUMINA,2013-05-27T00:00:00Z,SAMEA1906465,8,ERP002469,8
ERR260140,WGS,202,1935856900,PRJEB1786,SAMEA1906489,1323298801,CHALMERS UNIVERSITY OF TECHNOLOGY,public,"sra,fastq","gs,ena,s3","ena,s3.us-east-1,gs.US",2013-05-16,2013-05-16,2018-11-16,2021-03-19,ERX234728,SAMEA1906489,CHALMERS,Chalmers University of Technology,2013-05-16T17:02:25Z,2021-03-19T12:07:43Z,public,Illumina HiSeq 2000,unspecified,PAIRED,RANDOM,METAGENOMIC,human metagenome,ILLUMINA,2013-05-27T00:00:00Z,SAMEA1906489,9,ERP002469,9
ERR260141,WGS,202,2488603034,PRJEB1786,SAMEA1906485,1752307219,CHALMERS UNIVERSITY OF TECHNOLOGY,public,"fastq,sra","gs,ena,s3","gs.US,s3.us-east-1,ena",2013-05-16,2013-05-16,2018-11-16,2021-03-19,ERX234729,SAMEA1906485,CHALMERS,Chalmers University of Technology,2013-05-16T17:02:25Z,2021-03-19T12:07:43Z,public,Illumina HiSeq 2000,unspecified,PAIRED,RANDOM,METAGENOMIC,human metagenome,ILLUMINA,2013-05-27T00:00:00Z,SAMEA1906485,10,ERP002469,10
ERR260142,WGS,202,2452610674,PRJEB1786,SAMEA1906416,1782242592,CHALMERS UNIVERSITY OF TECHNOLOGY,public,"sra,fastq","s3,gs,ena","ena,gs.US,s3.us-east-1",2013-05-16,2013-05-16,2018-11-16,2021-03-19,ERX234730,SAMEA1906416,CHALMERS,Chalmers University of Technology,2013-05-16T17:02:25Z,2021-03-19T12:07:43Z,public,Illumina HiSeq 2000,unspecified,PAIRED,RANDOM,METAGENOMIC,human metagenome,ILLUMINA,2013-05-27T00:00:00Z,SAMEA1906416,11,ERP002469,11
ERR260143,WGS,202,2849144956,PRJEB1786,SAMEA1906434,2038885788,CHALMERS UNIVERSITY OF TECHNOLOGY,public,"sra,fastq","s3,gs,ena","ena,gs.US,s3.us-east-1",2013-05-16,2013-05-16,2018-11-16,2021-03-19,ERX234731,SAMEA1906434,CHALMERS,Chalmers University of Technology,2013-05-16T17:02:25Z,2021-03-19T12:07:43Z,public,Illumina HiSeq 2000,unspecified,PAIRED,RANDOM,METAGENOMIC,human metagenome,ILLUMINA,2013-05-27T00:00:00Z,SAMEA1906434,12,ERP002469,12
ERR260144,WGS,202,2483902494,PRJEB1786,SAMEA1906558,1754345269,CHALMERS UNIVERSITY OF TECHNOLOGY,public,"sra,fastq","ena,s3,gs","gs.US,s3.us-east-1,ena",2013-05-16,2013-05-16,2018-11-16,2021-03-19,ERX234732,SAMEA1906558,CHALMERS,Chalmers University of Technology,2013-05-16T17:02:25Z,2021-03-19T12:07:43Z,public,Illumina HiSeq 2000,unspecified,PAIRED,RANDOM,METAGENOMIC,human metagenome,ILLUMINA,2013-05-27T00:00:00Z,SAMEA1906558,13,ERP002469,13
ERR260145,WGS,202,2832133728,PRJEB1786,SAMEA1906582,2028431916,CHALMERS UNIVERSITY OF TECHNOLOGY,public,"fastq,sra","gs,ena,s3","s3.us-east-1,gs.US,ena",2013-05-16,2013-05-16,2018-11-16,2021-03-19,ERX234733,SAMEA1906582,CHALMERS,Chalmers University of Technology,2013-05-16T17:02:25Z,2021-03-19T12:07:44Z,public,Illumina HiSeq 2000,unspecified,PAIRED,RANDOM,METAGENOMIC,human metagenome,ILLUMINA,2013-05-27T00:00:00Z,SAMEA1906582,14,ERP002469,14
ERR260146,WGS,202,2805316612,PRJEB1786,SAMEA1906496,2039612553,CHALMERS UNIVERSITY OF TECHNOLOGY,public,"sra,fastq","gs,s3,ena","s3.us-east-1,gs.US,ena",2013-05-16,2013-05-16,2018-11-16,2021-03-19,ERX234734,SAMEA1906496,CHALMERS,Chalmers University of Technology,2013-05-16T17:02:25Z,2021-03-19T12:07:44Z,public,Illumina HiSeq 2000,unspecified,PAIRED,RANDOM,METAGENOMIC,human metagenome,ILLUMINA,2013-05-27T00:00:00Z,SAMEA1906496,15,ERP002469,15
ERR260147,WGS,202,2821768300,PRJEB1786,SAMEA1906490,2101637156,CHALMERS UNIVERSITY OF TECHNOLOGY,public,"fastq,sra","gs,ena,s3","gs.US,s3.us-east-1,ena",2013-05-16,2013-05-16,2018-11-16,2021-03-19,ERX234735,SAMEA1906490,CHALMERS,Chalmers University of Technology,2013-05-16T17:02:25Z,2021-03-19T12:07:44Z,public,Illumina HiSeq 2000,unspecified,PAIRED,RANDOM,METAGENOMIC,human metagenome,ILLUMINA,2013-05-27T00:00:00Z,SAMEA1906490,16,ERP002469,16
ERR260148,WGS,202,2209859194,PRJEB1786,SAMEA1906457,1571457806,CHALMERS UNIVERSITY OF TECHNOLOGY,public,"sra,fastq","gs,ena,s3","s3.us-east-1,ena,gs.US",2013-05-16,2013-05-16,2018-11-16,2021-03-19,ERX234736,SAMEA1906457,CHALMERS,Chalmers University of Technology,2013-05-16T17:02:25Z,2021-03-19T12:07:43Z,public,Illumina HiSeq 2000,unspecified,PAIRED,RANDOM,METAGENOMIC,human metagenome,ILLUMINA,2013-05-27T00:00:00Z,SAMEA1906457,17,ERP002469,17
ERR260149,WGS,202,3081799264,PRJEB1786,SAMEA1906437,2219693097,CHALMERS UNIVERSITY OF TECHNOLOGY,public,"fastq,sra","ena,s3,gs","ena,s3.us-east-1,gs.US",2013-05-16,2013-05-16,2018-11-16,2021-03-19,ERX234737,SAMEA1906437,CHALMERS,Chalmers University of Technology,2013-05-16T17:02:25Z,2021-03-19T12:07:43Z,public,Illumina HiSeq 2000,unspecified,PAIRED,RANDOM,METAGENOMIC,human metagenome,ILLUMINA,2013-05-27T00:00:00Z,SAMEA1906437,18,ERP002469,18
ERR260150,WGS,202,3043333010,PRJEB1786,SAMEA1906419,2153769930,CHALMERS UNIVERSITY OF TECHNOLOGY,public,"fastq,sra","gs,ena,s3","ena,s3.us-east-1,gs.US",2013-05-16,2013-05-16,2018-11-16,2021-03-19,ERX234738,SAMEA1906419,CHALMERS,Chalmers University of Technology,2013-05-16T17:02:25Z,2021-03-19T12:07:44Z,public,Illumina HiSeq 2000,unspecified,PAIRED,RANDOM,METAGENOMIC,human metagenome,ILLUMINA,2013-05-27T00:00:00Z,SAMEA1906419,19,ERP002469,19
ERR260151,WGS,202,2630431274,PRJEB1786,SAMEA1906571,1876190136,CHALMERS UNIVERSITY OF TECHNOLOGY,public,"sra,fastq","s3,gs,ena","s3.us-east-1,ena,gs.US",2013-05-16,2013-05-16,2018-11-16,2021-03-19,ERX234739,SAMEA1906571,CHALMERS,Chalmers University of Technology,2013-05-16T17:02:25Z,2021-03-19T12:07:44Z,public,Illumina HiSeq 2000,unspecified,PAIRED,RANDOM,METAGENOMIC,human metagenome,ILLUMINA,2013-05-27T00:00:00Z,SAMEA1906571,20,ERP002469,20
ERR260152,WGS,202,1813559434,PRJEB1786,SAMEA1906580,1295615645,CHALMERS UNIVERSITY OF TECHNOLOGY,public,"fastq,sra","s3,gs,ena","ena,s3.us-east-1,gs.US",2013-05-16,2013-05-16,2018-11-16,2021-03-19,ERX234740,SAMEA1906580,CHALMERS,Chalmers University of Technology,2013-05-16T17:02:25Z,2021-03-19T12:07:43Z,public,Illumina HiSeq 2000,unspecified,PAIRED,RANDOM,METAGENOMIC,human metagenome,ILLUMINA,2013-05-27T00:00:00Z,SAMEA1906580,21,ERP002469,21
ERR260153,WGS,202,2811341262,PRJEB1786,SAMEA1906560,2011740058,CHALMERS UNIVERSITY OF TECHNOLOGY,public,"sra,fastq","gs,ena,s3","gs.US,ena,s3.us-east-1",2013-05-16,2013-05-16,2018-11-16,2021-03-19,ERX234741,SAMEA1906560,CHALMERS,Chalmers University of Technology,2013-05-16T17:02:25Z,2021-03-19T12:07:44Z,public,Illumina HiSeq 2000,unspecified,PAIRED,RANDOM,METAGENOMIC,human metagenome,ILLUMINA,2013-05-27T00:00:00Z,SAMEA1906560,22,ERP002469,22
ERR260154,WGS,202,2485331038,PRJEB1786,SAMEA1906541,1775906892,CHALMERS UNIVERSITY OF TECHNOLOGY,public,"sra,fastq","ena,s3,gs","ena,s3.us-east-1,gs.US",2013-05-16,2013-05-16,2018-11-16,2021-03-19,ERX234742,SAMEA1906541,CHALMERS,Chalmers University of Technology,2013-05-16T17:02:25Z,2021-03-19T12:07:44Z,public,Illumina HiSeq 2000,unspecified,PAIRED,RANDOM,METAGENOMIC,human metagenome,ILLUMINA,2013-05-27T00:00:00Z,SAMEA1906541,23,ERP002469,23
ERR260155,WGS,202,2575030956,PRJEB1786,SAMEA1906505,1846110767,CHALMERS UNIVERSITY OF TECHNOLOGY,public,"sra,fastq","ena,gs,s3","ena,s3.us-east-1,gs.US",2013-05-16,2013-05-16,2018-11-16,2021-03-19,ERX234743,SAMEA1906505,CHALMERS,Chalmers University of Technology,2013-05-16T17:02:25Z,2021-03-19T12:07:44Z,public,Illumina HiSeq 2000,unspecified,PAIRED,RANDOM,METAGENOMIC,human metagenome,ILLUMINA,2013-05-27T00:00:00Z,SAMEA1906505,24,ERP002469,24
ERR260156,WGS,202,1683913006,PRJEB1786,SAMEA1906518,1196756607,CHALMERS UNIVERSITY OF TECHNOLOGY,public,"sra,fastq","s3,gs,ena","s3.us-east-1,gs.US,ena",2013-05-16,2013-05-16,2018-11-16,2021-03-19,ERX234744,SAMEA1906518,CHALMERS,Chalmers University of Technology,2013-05-16T17:02:25Z,2021-03-19T12:07:44Z,public,Illumina HiSeq 2000,unspecified,PAIRED,RANDOM,METAGENOMIC,human metagenome,ILLUMINA,2013-05-27T00:00:00Z,SAMEA1906518,25,ERP002469,25
ERR260157,WGS,202,2355739554,PRJEB1786,SAMEA1906578,1655533194,CHALMERS UNIVERSITY OF TECHNOLOGY,public,"sra,fastq","s3,ena,gs","s3.us-east-1,gs.US,ena",2013-05-16,2013-05-16,2018-11-16,2021-03-19,ERX234745,SAMEA1906578,CHALMERS,Chalmers University of Technology,2013-05-16T17:02:25Z,2021-03-19T12:07:44Z,public,Illumina HiSeq 2000,unspecified,PAIRED,RANDOM,METAGENOMIC,human metagenome,ILLUMINA,2013-05-27T00:00:00Z,SAMEA1906578,26,ERP002469,26
ERR260158,WGS,202,2106879392,PRJEB1786,SAMEA1906561,1481237999,CHALMERS UNIVERSITY OF TECHNOLOGY,public,"fastq,sra","s3,ena,gs","ena,s3.us-east-1,gs.US",2013-05-16,2013-05-16,2018-11-16,2021-03-19,ERX234746,SAMEA1906561,CHALMERS,Chalmers University of Technology,2013-05-16T17:02:25Z,2021-03-19T12:07:44Z,public,Illumina HiSeq 2000,unspecified,PAIRED,RANDOM,METAGENOMIC,human metagenome,ILLUMINA,2013-05-27T00:00:00Z,SAMEA1906561,27,ERP002469,27
ERR260159,WGS,202,2187599400,PRJEB1786,SAMEA1906435,1566931401,CHALMERS UNIVERSITY OF TECHNOLOGY,public,"sra,fastq","s3,ena,gs","ena,s3.us-east-1,gs.US",2013-05-16,2013-05-16,2018-11-16,2021-03-19,ERX234747,SAMEA1906435,CHALMERS,Chalmers University of Technology,2013-05-16T17:02:25Z,2021-03-19T12:07:44Z,public,Illumina HiSeq 2000,unspecified,PAIRED,RANDOM,METAGENOMIC,human metagenome,ILLUMINA,2013-05-27T00:00:00Z,SAMEA1906435,28,ERP002469,28
ERR260160,WGS,202,2333460974,PRJEB1786,SAMEA1906423,1660065367,CHALMERS UNIVERSITY OF TECHNOLOGY,public,"sra,fastq","ena,gs,s3","gs.US,s3.us-east-1,ena",2013-05-16,2013-05-16,2018-11-16,2021-03-19,ERX234748,SAMEA1906423,CHALMERS,Chalmers University of Technology,2013-05-16T17:02:25Z,2021-03-19T12:07:44Z,public,Illumina HiSeq 2000,unspecified,PAIRED,RANDOM,METAGENOMIC,human metagenome,ILLUMINA,2013-05-27T00:00:00Z,SAMEA1906423,29,ERP002469,29
ERR260161,WGS,202,4332127956,PRJEB1786,SAMEA1906482,3198063019,CHALMERS UNIVERSITY OF TECHNOLOGY,public,"fastq,sra","ena,s3,gs","gs.US,ena,s3.us-east-1",2013-05-16,2013-05-16,2018-11-16,2021-03-19,ERX234749,SAMEA1906482,CHALMERS,Chalmers University of Technology,2013-05-16T17:02:25Z,2021-03-19T12:07:43Z,public,Illumina HiSeq 2000,unspecified,PAIRED,RANDOM,METAGENOMIC,human metagenome,ILLUMINA,2013-05-27T00:00:00Z,SAMEA1906482,30,ERP002469,30
ERR260162,WGS,202,6206585340,PRJEB1786,SAMEA1906450,4585795663,CHALMERS UNIVERSITY OF TECHNOLOGY,public,"sra,fastq","ena,s3,gs","s3.us-east-1,gs.US,ena",2013-05-16,2013-05-16,2018-11-16,2021-03-19,ERX234750,SAMEA1906450,CHALMERS,Chalmers University of Technology,2013-05-16T17:02:25Z,2021-03-19T12:07:44Z,public,Illumina HiSeq 2000,unspecified,PAIRED,RANDOM,METAGENOMIC,human metagenome,ILLUMINA,2013-05-27T00:00:00Z,SAMEA1906450,31,ERP002469,31
ERR260163,WGS,202,3218523570,PRJEB1786,SAMEA1906470,2395027422,CHALMERS UNIVERSITY OF TECHNOLOGY,public,"sra,fastq","ena,s3,gs","s3.us-east-1,ena,gs.US",2013-05-16,2013-05-16,2018-11-16,2021-03-19,ERX234751,SAMEA1906470,CHALMERS,Chalmers University of Technology,2013-05-16T17:02:25Z,2021-03-19T12:07:44Z,public,Illumina HiSeq 2000,unspecified,PAIRED,RANDOM,METAGENOMIC,human metagenome,ILLUMINA,2013-05-27T00:00:00Z,SAMEA1906470,32,ERP002469,32
ERR260164,WGS,202,3528416012,PRJEB1786,SAMEA1906537,2635113639,CHALMERS UNIVERSITY OF TECHNOLOGY,public,"sra,fastq","ena,gs,s3","ena,gs.US,s3.us-east-1",2013-05-16,2013-05-16,2018-11-16,2021-03-19,ERX234752,SAMEA1906537,CHALMERS,Chalmers University of Technology,2013-05-16T17:02:25Z,2021-03-19T12:07:44Z,public,Illumina HiSeq 2000,unspecified,PAIRED,RANDOM,METAGENOMIC,human metagenome,ILLUMINA,2013-05-27T00:00:00Z,SAMEA1906537,33,ERP002469,33
ERR260165,WGS,202,4665993960,PRJEB1786,SAMEA1906512,3468493578,CHALMERS UNIVERSITY OF TECHNOLOGY,public,"sra,fastq","ena,s3,gs","gs.US,s3.us-east-1,ena",2013-05-16,2013-05-16,2018-11-16,2021-03-19,ERX234753,SAMEA1906512,CHALMERS,Chalmers University of Technology,2013-05-16T17:02:25Z,2021-03-19T12:07:43Z,public,Illumina HiSeq 2000,unspecified,PAIRED,RANDOM,METAGENOMIC,human metagenome,ILLUMINA,2013-05-27T00:00:00Z,SAMEA1906512,34,ERP002469,34
ERR260166,WGS,202,4395895316,PRJEB1786,SAMEA1906469,3304349827,CHALMERS UNIVERSITY OF TECHNOLOGY,public,"fastq,sra","s3,ena,gs","ena,s3.us-east-1,gs.US",2013-05-16,2013-05-16,2018-11-16,2021-03-19,ERX234754,SAMEA1906469,CHALMERS,Chalmers University of Technology,2013-05-16T17:02:25Z,2021-03-19T12:07:43Z,public,Illumina HiSeq 2000,unspecified,PAIRED,RANDOM,METAGENOMIC,human metagenome,ILLUMINA,2013-05-27T00:00:00Z,SAMEA1906469,35,ERP002469,35
ERR260167,WGS,202,4349189684,PRJEB1786,SAMEA1906456,3213476637,CHALMERS UNIVERSITY OF TECHNOLOGY,public,"fastq,sra","gs,s3,ena","ena,gs.US,s3.us-east-1",2013-05-16,2013-05-16,2018-11-16,2021-03-19,ERX234755,SAMEA1906456,CHALMERS,Chalmers University of Technology,2013-05-16T17:02:25Z,2021-03-19T12:07:44Z,public,Illumina HiSeq 2000,unspecified,PAIRED,RANDOM,METAGENOMIC,human metagenome,ILLUMINA,2013-05-27T00:00:00Z,SAMEA1906456,36,ERP002469,36
ERR260168,WGS,202,4677011242,PRJEB1786,SAMEA1906480,3468166909,CHALMERS UNIVERSITY OF TECHNOLOGY,public,"sra,fastq","gs,s3,ena","gs.US,ena,s3.us-east-1",2013-05-16,2013-05-16,2018-11-16,2021-03-19,ERX234756,SAMEA1906480,CHALMERS,Chalmers University of Technology,2013-05-16T17:02:25Z,2021-03-19T12:07:44Z,public,Illumina HiSeq 2000,unspecified,PAIRED,RANDOM,METAGENOMIC,human metagenome,ILLUMINA,2013-05-27T00:00:00Z,SAMEA1906480,37,ERP002469,37
ERR260169,WGS,202,1920754976,PRJEB1786,SAMEA1906421,1426108498,CHALMERS UNIVERSITY OF TECHNOLOGY,public,"sra,fastq","gs,s3,ena","ena,s3.us-east-1,gs.US",2013-05-16,2013-05-16,2018-11-16,2021-03-19,ERX234757,SAMEA1906421,CHALMERS,Chalmers University of Technology,2013-05-16T17:02:25Z,2021-03-19T12:07:44Z,public,Illumina HiSeq 2000,unspecified,PAIRED,RANDOM,METAGENOMIC,human metagenome,ILLUMINA,2013-05-27T00:00:00Z,SAMEA1906421,38,ERP002469,38
ERR260170,WGS,202,3060202838,PRJEB1786,SAMEA1906441,2289042287,CHALMERS UNIVERSITY OF TECHNOLOGY,public,"fastq,sra","ena,s3,gs","s3.us-east-1,ena,gs.US",2013-05-16,2013-05-16,2018-11-16,2021-03-19,ERX234758,SAMEA1906441,CHALMERS,Chalmers University of Technology,2013-05-16T17:02:25Z,2021-03-19T12:07:44Z,public,Illumina HiSeq 2000,unspecified,PAIRED,RANDOM,METAGENOMIC,human metagenome,ILLUMINA,2013-05-27T00:00:00Z,SAMEA1906441,39,ERP002469,39
ERR260171,WGS,202,5829033604,PRJEB1786,SAMEA1906568,4048878426,CHALMERS UNIVERSITY OF TECHNOLOGY,public,"sra,fastq","ena,s3,gs","s3.us-east-1,ena,gs.US",2013-05-16,2013-05-16,2018-11-16,2021-03-19,ERX234759,SAMEA1906568,CHALMERS,Chalmers University of Technology,2013-05-16T17:02:25Z,2021-03-19T12:07:44Z,public,Illumina HiSeq 2000,unspecified,PAIRED,RANDOM,METAGENOMIC,human metagenome,ILLUMINA,2013-05-27T00:00:00Z,SAMEA1906568,40,ERP002469,40
ERR260172,WGS,202,5463190394,PRJEB1786,SAMEA1906547,3756005308,CHALMERS UNIVERSITY OF TECHNOLOGY,public,"fastq,sra","gs,ena,s3","s3.us-east-1,ena,gs.US",2013-05-16,2013-05-16,2018-11-16,2021-03-19,ERX234760,SAMEA1906547,CHALMERS,Chalmers University of Technology,2013-05-16T17:02:25Z,2021-03-19T12:07:44Z,public,Illumina HiSeq 2000,unspecified,PAIRED,RANDOM,METAGENOMIC,human metagenome,ILLUMINA,2013-05-27T00:00:00Z,SAMEA1906547,41,ERP002469,41
ERR260173,WGS,202,6016218318,PRJEB1786,SAMEA1906529,4188004622,CHALMERS UNIVERSITY OF TECHNOLOGY,public,"sra,fastq","ena,gs,s3","gs.US,s3.us-east-1,ena",2013-05-16,2013-05-16,2018-11-16,2021-03-19,ERX234761,SAMEA1906529,CHALMERS,Chalmers University of Technology,2013-05-16T17:02:25Z,2021-03-19T12:07:44Z,public,Illumina HiSeq 2000,unspecified,PAIRED,RANDOM,METAGENOMIC,human metagenome,ILLUMINA,2013-05-27T00:00:00Z,SAMEA1906529,42,ERP002469,42
ERR260174,WGS,202,4557287054,PRJEB1786,SAMEA1906540,3151332021,CHALMERS UNIVERSITY OF TECHNOLOGY,public,"sra,fastq","ena,s3,gs","ena,s3.us-east-1,gs.US",2013-05-16,2013-05-16,2018-11-16,2021-03-19,ERX234762,SAMEA1906540,CHALMERS,Chalmers University of Technology,2013-05-16T17:02:25Z,2021-03-19T12:07:44Z,public,Illumina HiSeq 2000,unspecified,PAIRED,RANDOM,METAGENOMIC,human metagenome,ILLUMINA,2013-05-27T00:00:00Z,SAMEA1906540,43,ERP002469,43
ERR260175,WGS,202,3201683234,PRJEB1786,SAMEA1906522,2217265696,CHALMERS UNIVERSITY OF TECHNOLOGY,public,"fastq,sra","s3,gs,ena","gs.US,ena,s3.us-east-1",2013-05-16,2013-05-16,2018-11-16,2021-03-19,ERX234763,SAMEA1906522,CHALMERS,Chalmers University of Technology,2013-05-16T17:02:25Z,2021-03-19T12:07:44Z,public,Illumina HiSeq 2000,unspecified,PAIRED,RANDOM,METAGENOMIC,human metagenome,ILLUMINA,2013-05-27T00:00:00Z,SAMEA1906522,44,ERP002469,44
ERR260176,WGS,202,3742755384,PRJEB1786,SAMEA1906583,2593393693,CHALMERS UNIVERSITY OF TECHNOLOGY,public,"sra,fastq","gs,ena,s3","gs.US,s3.us-east-1,ena",2013-05-16,2013-05-16,2018-11-16,2021-03-19,ERX234764,SAMEA1906583,CHALMERS,Chalmers University of Technology,2013-05-16T17:02:25Z,2021-03-19T12:07:44Z,public,Illumina HiSeq 2000,unspecified,PAIRED,RANDOM,METAGENOMIC,human metagenome,ILLUMINA,2013-05-27T00:00:00Z,SAMEA1906583,45,ERP002469,45
ERR260177,WGS,202,4335598114,PRJEB1786,SAMEA1906559,2987658365,CHALMERS UNIVERSITY OF TECHNOLOGY,public,"sra,fastq","s3,gs,ena","ena,gs.US,s3.us-east-1",2013-05-16,2013-05-16,2018-11-16,2021-03-19,ERX234765,SAMEA1906559,CHALMERS,Chalmers University of Technology,2013-05-16T17:02:25Z,2021-03-19T12:07:44Z,public,Illumina HiSeq 2000,unspecified,PAIRED,RANDOM,METAGENOMIC,human metagenome,ILLUMINA,2013-05-27T00:00:00Z,SAMEA1906559,46,ERP002469,46
ERR260178,WGS,202,5173989216,PRJEB1786,SAMEA1906553,3668821724,CHALMERS UNIVERSITY OF TECHNOLOGY,public,"sra,fastq","gs,ena,s3","ena,gs.US,s3.us-east-1",2013-05-16,2013-05-16,2018-11-16,2021-03-19,ERX234766,SAMEA1906553,CHALMERS,Chalmers University of Technology,2013-05-16T17:02:25Z,2021-03-19T12:07:43Z,public,Illumina HiSeq 2000,unspecified,PAIRED,RANDOM,METAGENOMIC,human metagenome,ILLUMINA,2013-05-27T00:00:00Z,SAMEA1906553,47,ERP002469,47
ERR260179,WGS,202,4220008866,PRJEB1786,SAMEA1906442,2924922270,CHALMERS UNIVERSITY OF TECHNOLOGY,public,"sra,fastq","s3,gs,ena","ena,gs.US,s3.us-east-1",2013-05-16,2013-05-16,2018-11-16,2021-03-19,ERX234767,SAMEA1906442,CHALMERS,Chalmers University of Technology,2013-05-16T17:02:25Z,2021-03-19T12:07:44Z,public,Illumina HiSeq 2000,unspecified,PAIRED,RANDOM,METAGENOMIC,human metagenome,ILLUMINA,2013-05-27T00:00:00Z,SAMEA1906442,48,ERP002469,48
ERR260180,WGS,202,3226205832,PRJEB1786,SAMEA1906431,2360268404,CHALMERS UNIVERSITY OF TECHNOLOGY,public,"sra,fastq","s3,ena,gs","ena,s3.us-east-1,gs.US",2013-05-16,2013-05-16,2018-11-16,2021-03-19,ERX234768,SAMEA1906431,CHALMERS,Chalmers University of Technology,2013-05-16T17:02:25Z,2021-03-19T12:07:43Z,public,Illumina HiSeq 2000,unspecified,PAIRED,RANDOM,METAGENOMIC,human metagenome,ILLUMINA,2013-05-27T00:00:00Z,SAMEA1906431,49,ERP002469,49
ERR260181,WGS,202,5014212670,PRJEB1786,SAMEA1906479,3664254391,CHALMERS UNIVERSITY OF TECHNOLOGY,public,"fastq,sra","ena,gs,s3","ena,gs.US,s3.us-east-1",2013-05-16,2013-05-16,2018-11-16,2021-03-19,ERX234769,SAMEA1906479,CHALMERS,Chalmers University of Technology,2013-05-16T17:02:25Z,2021-03-19T12:07:44Z,public,Illumina HiSeq 2000,unspecified,PAIRED,RANDOM,METAGENOMIC,human metagenome,ILLUMINA,2013-05-27T00:00:00Z,SAMEA1906479,50,ERP002469,50
ERR260182,WGS,202,4418154706,PRJEB1786,SAMEA1906455,3260311641,CHALMERS UNIVERSITY OF TECHNOLOGY,public,"sra,fastq","gs,ena,s3","ena,s3.us-east-1,gs.US",2013-05-16,2013-05-16,2018-11-16,2021-03-19,ERX234770,SAMEA1906455,CHALMERS,Chalmers University of Technology,2013-05-16T17:02:25Z,2021-03-19T12:07:43Z,public,Illumina HiSeq 2000,unspecified,PAIRED,RANDOM,METAGENOMIC,human metagenome,ILLUMINA,2013-05-27T00:00:00Z,SAMEA1906455,51,ERP002469,51
ERR260183,WGS,202,4621291764,PRJEB1786,SAMEA1906534,3398063238,CHALMERS UNIVERSITY OF TECHNOLOGY,public,"fastq,sra","ena,s3,gs","s3.us-east-1,ena,gs.US",2013-05-16,2013-05-16,2018-11-16,2021-03-19,ERX234771,SAMEA1906534,CHALMERS,Chalmers University of Technology,2013-05-16T17:02:25Z,2021-03-19T12:07:43Z,public,Illumina HiSeq 2000,unspecified,PAIRED,RANDOM,METAGENOMIC,human metagenome,ILLUMINA,2013-05-27T00:00:00Z,SAMEA1906534,52,ERP002469,52
ERR260184,WGS,202,4346089994,PRJEB1786,SAMEA1906498,3224407146,CHALMERS UNIVERSITY OF TECHNOLOGY,public,"sra,fastq","ena,s3,gs","gs.US,s3.us-east-1,ena",2013-05-16,2013-05-16,2018-11-16,2021-03-19,ERX234772,SAMEA1906498,CHALMERS,Chalmers University of Technology,2013-05-16T17:02:25Z,2021-03-19T12:07:43Z,public,Illumina HiSeq 2000,unspecified,PAIRED,RANDOM,METAGENOMIC,human metagenome,ILLUMINA,2013-05-27T00:00:00Z,SAMEA1906498,53,ERP002469,53
ERR260185,WGS,202,4266979118,PRJEB1786,SAMEA1906523,3138866714,CHALMERS UNIVERSITY OF TECHNOLOGY,public,"sra,fastq","ena,s3,gs","ena,gs.US,s3.us-east-1",2013-05-16,2013-05-16,2018-11-16,2021-03-19,ERX234773,SAMEA1906523,CHALMERS,Chalmers University of Technology,2013-05-16T17:02:25Z,2021-03-19T12:07:44Z,public,Illumina HiSeq 2000,unspecified,PAIRED,RANDOM,METAGENOMIC,human metagenome,ILLUMINA,2013-05-27T00:00:00Z,SAMEA1906523,54,ERP002469,54
ERR260186,WGS,202,4022382974,PRJEB1786,SAMEA1906495,2952613124,CHALMERS UNIVERSITY OF TECHNOLOGY,public,"fastq,sra","gs,s3,ena","ena,gs.US,s3.us-east-1",2013-05-16,2013-05-16,2018-11-16,2021-03-19,ERX234774,SAMEA1906495,CHALMERS,Chalmers University of Technology,2013-05-16T17:02:25Z,2021-03-19T12:07:44Z,public,Illumina HiSeq 2000,unspecified,PAIRED,RANDOM,METAGENOMIC,human metagenome,ILLUMINA,2013-05-27T00:00:00Z,SAMEA1906495,55,ERP002469,55
ERR260187,WGS,202,2151950642,PRJEB1786,SAMEA1906468,1486750604,CHALMERS UNIVERSITY OF TECHNOLOGY,public,"fastq,sra","gs,s3,ena","s3.us-east-1,ena,gs.US",2013-05-16,2013-05-16,2018-11-16,2021-03-19,ERX234775,SAMEA1906468,CHALMERS,Chalmers University of Technology,2013-05-16T17:02:25Z,2021-03-19T12:07:44Z,public,Illumina HiSeq 2000,unspecified,PAIRED,RANDOM,METAGENOMIC,human metagenome,ILLUMINA,2013-05-27T00:00:00Z,SAMEA1906468,56,ERP002469,56
ERR260188,WGS,202,4182939644,PRJEB1786,SAMEA1906444,3063761793,CHALMERS UNIVERSITY OF TECHNOLOGY,public,"fastq,sra","gs,ena,s3","s3.us-east-1,gs.US,ena",2013-05-16,2013-05-16,2018-11-16,2021-03-19,ERX234776,SAMEA1906444,CHALMERS,Chalmers University of Technology,2013-05-16T17:02:25Z,2021-03-19T12:07:44Z,public,Illumina HiSeq 2000,unspecified,PAIRED,RANDOM,METAGENOMIC,human metagenome,ILLUMINA,2013-05-27T00:00:00Z,SAMEA1906444,57,ERP002469,57
ERR260189,WGS,202,3682643416,PRJEB1786,SAMEA1906436,2728847014,CHALMERS UNIVERSITY OF TECHNOLOGY,public,"sra,fastq","gs,s3,ena","gs.US,ena,s3.us-east-1",2013-05-16,2013-05-16,2018-11-16,2021-03-19,ERX234777,SAMEA1906436,CHALMERS,Chalmers University of Technology,2013-05-16T17:02:25Z,2021-03-19T12:07:44Z,public,Illumina HiSeq 2000,unspecified,PAIRED,RANDOM,METAGENOMIC,human metagenome,ILLUMINA,2013-05-27T00:00:00Z,SAMEA1906436,58,ERP002469,58
ERR260190,WGS,202,4142624080,PRJEB1786,SAMEA1906422,3051951447,CHALMERS UNIVERSITY OF TECHNOLOGY,public,"fastq,sra","s3,ena,gs","s3.us-east-1,gs.US,ena",2013-05-16,2013-05-16,2018-11-16,2021-03-19,ERX234778,SAMEA1906422,CHALMERS,Chalmers University of Technology,2013-05-16T17:02:25Z,2021-03-19T12:07:43Z,public,Illumina HiSeq 2000,unspecified,PAIRED,RANDOM,METAGENOMIC,human metagenome,ILLUMINA,2013-05-27T00:00:00Z,SAMEA1906422,59,ERP002469,59
ERR260191,WGS,202,4948806686,PRJEB1786,SAMEA1906574,3666168064,CHALMERS UNIVERSITY OF TECHNOLOGY,public,"sra,fastq","s3,gs,ena","s3.us-east-1,ena,gs.US",2013-05-16,2013-05-16,2018-11-16,2021-03-19,ERX234779,SAMEA1906574,CHALMERS,Chalmers University of Technology,2013-05-16T17:02:25Z,2021-03-19T12:07:44Z,public,Illumina HiSeq 2000,unspecified,PAIRED,RANDOM,METAGENOMIC,human metagenome,ILLUMINA,2013-05-27T00:00:00Z,SAMEA1906574,60,ERP002469,60
ERR260192,WGS,202,3860516334,PRJEB1786,SAMEA1906557,2860090504,CHALMERS UNIVERSITY OF TECHNOLOGY,public,"sra,fastq","s3,gs,ena","ena,s3.us-east-1,gs.US",2013-05-16,2013-05-16,2018-11-16,2021-03-19,ERX234780,SAMEA1906557,CHALMERS,Chalmers University of Technology,2013-05-16T17:02:25Z,2021-03-19T12:07:44Z,public,Illumina HiSeq 2000,unspecified,PAIRED,RANDOM,METAGENOMIC,human metagenome,ILLUMINA,2013-05-27T00:00:00Z,SAMEA1906557,61,ERP002469,61
ERR260193,WGS,202,2822317336,PRJEB1786,SAMEA1906539,2025878525,CHALMERS UNIVERSITY OF TECHNOLOGY,public,"fastq,sra","ena,gs,s3","ena,gs.US,s3.us-east-1",2013-05-16,2013-05-16,2018-11-16,2021-03-19,ERX234781,SAMEA1906539,CHALMERS,Chalmers University of Technology,2013-05-16T17:02:25Z,2021-03-19T12:07:43Z,public,Illumina HiSeq 2000,unspecified,PAIRED,RANDOM,METAGENOMIC,human metagenome,ILLUMINA,2013-05-27T00:00:00Z,SAMEA1906539,62,ERP002469,62
ERR260194,WGS,202,4292398798,PRJEB1786,SAMEA1906524,3179014887,CHALMERS UNIVERSITY OF TECHNOLOGY,public,"fastq,sra","s3,gs,ena","ena,gs.US,s3.us-east-1",2013-05-16,2013-05-16,2018-11-16,2021-03-19,ERX234782,SAMEA1906524,CHALMERS,Chalmers University of Technology,2013-05-16T17:02:25Z,2021-03-19T12:07:43Z,public,Illumina HiSeq 2000,unspecified,PAIRED,RANDOM,METAGENOMIC,human metagenome,ILLUMINA,2013-05-27T00:00:00Z,SAMEA1906524,63,ERP002469,63
ERR260195,WGS,202,2739388862,PRJEB1786,SAMEA1906477,1964002941,CHALMERS UNIVERSITY OF TECHNOLOGY,public,"sra,fastq","gs,s3,ena","ena,gs.US,s3.us-east-1",2013-05-16,2013-05-16,2018-11-16,2021-03-19,ERX234783,SAMEA1906477,CHALMERS,Chalmers University of Technology,2013-05-16T17:02:25Z,2021-03-19T12:07:44Z,public,Illumina HiSeq 2000,unspecified,PAIRED,RANDOM,METAGENOMIC,human metagenome,ILLUMINA,2013-05-27T00:00:00Z,SAMEA1906477,64,ERP002469,64
ERR260196,WGS,202,4253796800,PRJEB1786,SAMEA1906426,3142050671,CHALMERS UNIVERSITY OF TECHNOLOGY,public,"fastq,sra","gs,s3,ena","s3.us-east-1,gs.US,ena",2013-05-16,2013-05-16,2018-11-16,2021-03-19,ERX234784,SAMEA1906426,CHALMERS,Chalmers University of Technology,2013-05-16T17:02:25Z,2021-03-19T12:07:43Z,public,Illumina HiSeq 2000,unspecified,PAIRED,RANDOM,METAGENOMIC,human metagenome,ILLUMINA,2013-05-27T00:00:00Z,SAMEA1906426,65,ERP002469,65
ERR260197,WGS,202,4151530058,PRJEB1786,SAMEA1906440,3106527934,CHALMERS UNIVERSITY OF TECHNOLOGY,public,"sra,fastq","gs,ena,s3","gs.US,s3.us-east-1,ena",2013-05-16,2013-05-16,2018-11-16,2021-03-19,ERX234785,SAMEA1906440,CHALMERS,Chalmers University of Technology,2013-05-16T17:02:25Z,2021-03-19T12:07:44Z,public,Illumina HiSeq 2000,unspecified,PAIRED,RANDOM,METAGENOMIC,human metagenome,ILLUMINA,2013-05-27T00:00:00Z,SAMEA1906440,66,ERP002469,66
ERR260198,WGS,202,4760622880,PRJEB1786,SAMEA1906548,3478007995,CHALMERS UNIVERSITY OF TECHNOLOGY,public,"fastq,sra","gs,s3,ena","gs.US,ena,s3.us-east-1",2013-05-16,2013-05-16,2018-11-16,2021-03-19,ERX234786,SAMEA1906548,CHALMERS,Chalmers University of Technology,2013-05-16T17:02:25Z,2021-03-19T12:07:43Z,public,Illumina HiSeq 2000,unspecified,PAIRED,RANDOM,METAGENOMIC,human metagenome,ILLUMINA,2013-05-27T00:00:00Z,SAMEA1906548,67,ERP002469,67
ERR260199,WGS,202,3032782146,PRJEB1786,SAMEA1906570,2294602001,CHALMERS UNIVERSITY OF TECHNOLOGY,public,"fastq,sra","gs,ena,s3","s3.us-east-1,ena,gs.US",2013-05-16,2013-05-16,2018-11-16,2021-03-19,ERX234787,SAMEA1906570,CHALMERS,Chalmers University of Technology,2013-05-16T17:02:25Z,2021-03-19T12:07:43Z,public,Illumina HiSeq 2000,unspecified,PAIRED,RANDOM,METAGENOMIC,human metagenome,ILLUMINA,2013-05-27T00:00:00Z,SAMEA1906570,68,ERP002469,68
ERR260200,WGS,202,3556340694,PRJEB1786,SAMEA1906577,2633900243,CHALMERS UNIVERSITY OF TECHNOLOGY,public,"fastq,sra","s3,gs,ena","s3.us-east-1,gs.US,ena",2013-05-16,2013-05-16,2018-11-16,2021-03-19,ERX234788,SAMEA1906577,CHALMERS,Chalmers University of Technology,2013-05-16T17:02:25Z,2021-03-19T12:07:43Z,public,Illumina HiSeq 2000,unspecified,PAIRED,RANDOM,METAGENOMIC,human metagenome,ILLUMINA,2013-05-27T00:00:00Z,SAMEA1906577,69,ERP002469,69
ERR260201,WGS,202,4322020280,PRJEB1786,SAMEA1906514,3139443517,CHALMERS UNIVERSITY OF TECHNOLOGY,public,"fastq,sra","ena,s3,gs","gs.US,ena,s3.us-east-1",2013-05-16,2013-05-16,2018-11-16,2021-03-19,ERX234789,SAMEA1906514,CHALMERS,Chalmers University of Technology,2013-05-16T17:02:25Z,2021-03-19T12:07:43Z,public,Illumina HiSeq 2000,unspecified,PAIRED,RANDOM,METAGENOMIC,human metagenome,ILLUMINA,2013-05-27T00:00:00Z,SAMEA1906514,70,ERP002469,70
ERR260202,WGS,202,3464254550,PRJEB1786,SAMEA1906545,2561443335,CHALMERS UNIVERSITY OF TECHNOLOGY,public,"sra,fastq","s3,ena,gs","ena,gs.US,s3.us-east-1",2013-05-16,2013-05-16,2018-11-16,2021-03-19,ERX234790,SAMEA1906545,CHALMERS,Chalmers University of Technology,2013-05-16T17:02:25Z,2021-03-19T12:07:44Z,public,Illumina HiSeq 2000,unspecified,PAIRED,RANDOM,METAGENOMIC,human metagenome,ILLUMINA,2013-05-27T00:00:00Z,SAMEA1906545,71,ERP002469,71
ERR260203,WGS,202,2859467358,PRJEB1786,SAMEA1906531,2138273284,CHALMERS UNIVERSITY OF TECHNOLOGY,public,"sra,fastq","s3,gs,ena","gs.US,ena,s3.us-east-1",2013-05-16,2013-05-16,2018-11-16,2021-03-19,ERX234791,SAMEA1906531,CHALMERS,Chalmers University of Technology,2013-05-16T17:02:25Z,2021-03-19T12:07:44Z,public,Illumina HiSeq 2000,unspecified,PAIRED,RANDOM,METAGENOMIC,human metagenome,ILLUMINA,2013-05-27T00:00:00Z,SAMEA1906531,72,ERP002469,72
ERR260204,WGS,202,2669086600,PRJEB1786,SAMEA1906503,1904181524,CHALMERS UNIVERSITY OF TECHNOLOGY,public,"sra,fastq","ena,s3,gs","gs.US,s3.us-east-1,ena",2013-05-16,2013-05-16,2018-11-16,2021-03-19,ERX234792,SAMEA1906503,CHALMERS,Chalmers University of Technology,2013-05-16T17:02:25Z,2021-03-19T12:07:43Z,public,Illumina HiSeq 2000,unspecified,PAIRED,RANDOM,METAGENOMIC,human metagenome,ILLUMINA,2013-05-27T00:00:00Z,SAMEA1906503,73,ERP002469,73
ERR260205,WGS,202,3029874356,PRJEB1786,SAMEA1906565,2255079893,CHALMERS UNIVERSITY OF TECHNOLOGY,public,"sra,fastq","gs,s3,ena","ena,s3.us-east-1,gs.US",2013-05-16,2013-05-16,2018-11-16,2021-03-19,ERX234793,SAMEA1906565,CHALMERS,Chalmers University of Technology,2013-05-16T17:02:25Z,2021-03-19T12:07:43Z,public,Illumina HiSeq 2000,unspecified,PAIRED,RANDOM,METAGENOMIC,human metagenome,ILLUMINA,2013-05-27T00:00:00Z,SAMEA1906565,74,ERP002469,74
ERR260206,WGS,202,2766721482,PRJEB1786,SAMEA1906424,2072171582,CHALMERS UNIVERSITY OF TECHNOLOGY,public,"sra,fastq","s3,ena,gs","ena,gs.US,s3.us-east-1",2013-05-16,2013-05-16,2018-11-16,2021-03-19,ERX234794,SAMEA1906424,CHALMERS,Chalmers University of Technology,2013-05-16T17:02:25Z,2021-03-19T12:07:44Z,public,Illumina HiSeq 2000,unspecified,PAIRED,RANDOM,METAGENOMIC,human metagenome,ILLUMINA,2013-05-27T00:00:00Z,SAMEA1906424,75,ERP002469,75
ERR260207,WGS,202,3170606746,PRJEB1786,SAMEA1906446,2365673095,CHALMERS UNIVERSITY OF TECHNOLOGY,public,"sra,fastq","gs,ena,s3","ena,s3.us-east-1,gs.US",2013-05-16,2013-05-16,2018-11-16,2021-03-19,ERX234795,SAMEA1906446,CHALMERS,Chalmers University of Technology,2013-05-16T17:02:25Z,2021-03-19T12:07:43Z,public,Illumina HiSeq 2000,unspecified,PAIRED,RANDOM,METAGENOMIC,human metagenome,ILLUMINA,2013-05-27T00:00:00Z,SAMEA1906446,76,ERP002469,76
ERR260208,WGS,202,3833173412,PRJEB1786,SAMEA1906462,2826714836,CHALMERS UNIVERSITY OF TECHNOLOGY,public,"sra,fastq","gs,s3,ena","s3.us-east-1,ena,gs.US",2013-05-16,2013-05-16,2018-11-16,2021-03-19,ERX234796,SAMEA1906462,CHALMERS,Chalmers University of Technology,2013-05-16T17:02:25Z,2021-03-19T12:07:43Z,public,Illumina HiSeq 2000,unspecified,PAIRED,RANDOM,METAGENOMIC,human metagenome,ILLUMINA,2013-05-27T00:00:00Z,SAMEA1906462,77,ERP002469,77
ERR260209,WGS,202,2516923030,PRJEB1786,SAMEA1906484,1783170712,CHALMERS UNIVERSITY OF TECHNOLOGY,public,"fastq,sra","s3,ena,gs","ena,s3.us-east-1,gs.US",2013-05-16,2013-05-16,2018-11-16,2021-03-19,ERX234797,SAMEA1906484,CHALMERS,Chalmers University of Technology,2013-05-16T17:02:25Z,2021-03-19T12:07:43Z,public,Illumina HiSeq 2000,unspecified,PAIRED,RANDOM,METAGENOMIC,human metagenome,ILLUMINA,2013-05-27T00:00:00Z,SAMEA1906484,78,ERP002469,78
ERR260210,WGS,202,3514734754,PRJEB1786,SAMEA1906528,2639971357,CHALMERS UNIVERSITY OF TECHNOLOGY,public,"sra,fastq","ena,s3,gs","gs.US,s3.us-east-1,ena",2013-05-16,2013-05-16,2018-11-16,2021-03-19,ERX234798,SAMEA1906528,CHALMERS,Chalmers University of Technology,2013-05-16T17:02:25Z,2021-03-19T12:07:43Z,public,Illumina HiSeq 2000,unspecified,PAIRED,RANDOM,METAGENOMIC,human metagenome,ILLUMINA,2013-05-27T00:00:00Z,SAMEA1906528,79,ERP002469,79
ERR260211,WGS,202,3105065624,PRJEB1786,SAMEA1906501,2270765272,CHALMERS UNIVERSITY OF TECHNOLOGY,public,"fastq,sra","gs,ena,s3","ena,s3.us-east-1,gs.US",2013-05-16,2013-05-16,2018-11-16,2021-03-19,ERX234799,SAMEA1906501,CHALMERS,Chalmers University of Technology,2013-05-16T17:02:25Z,2021-03-19T12:07:43Z,public,Illumina HiSeq 2000,unspecified,PAIRED,RANDOM,METAGENOMIC,human metagenome,ILLUMINA,2013-05-27T00:00:00Z,SAMEA1906501,80,ERP002469,80
ERR260214,WGS,202,3923443172,PRJEB1786,SAMEA1906579,2844007794,CHALMERS UNIVERSITY OF TECHNOLOGY,public,"fastq,sra","gs,s3,ena","s3.us-east-1,ena,gs.US",2013-05-16,2013-05-16,2018-11-16,2021-03-19,ERX234802,SAMEA1906579,CHALMERS,Chalmers University of Technology,2013-05-16T17:02:25Z,2021-03-19T12:07:43Z,public,Illumina HiSeq 2000,unspecified,PAIRED,RANDOM,METAGENOMIC,human metagenome,ILLUMINA,2013-05-27T00:00:00Z,SAMEA1906579,83,ERP002469,83
ERR260215,WGS,202,1545961348,PRJEB1786,SAMEA1906432,1073374237,CHALMERS UNIVERSITY OF TECHNOLOGY,public,"fastq,sra","gs,ena,s3","gs.US,s3.us-east-1,ena",2013-05-16,2013-05-16,2018-11-16,2021-03-19,ERX234803,SAMEA1906432,CHALMERS,Chalmers University of Technology,2013-05-16T17:02:25Z,2021-03-19T12:07:43Z,public,Illumina HiSeq 2000,unspecified,PAIRED,RANDOM,METAGENOMIC,human metagenome,ILLUMINA,2013-05-27T00:00:00Z,SAMEA1906432,84,ERP002469,84
ERR260216,WGS,202,979554560,PRJEB1786,SAMEA1906433,692314241,CHALMERS UNIVERSITY OF TECHNOLOGY,public,"sra,fastq","s3,gs,ena","s3.us-east-1,ena,gs.US",2013-05-16,2013-05-16,2018-11-16,2021-03-19,ERX234804,SAMEA1906433,CHALMERS,Chalmers University of Technology,2013-05-16T17:02:25Z,2021-03-19T12:07:44Z,public,Illumina HiSeq 2000,unspecified,PAIRED,RANDOM,METAGENOMIC,human metagenome,ILLUMINA,2013-05-27T00:00:00Z,SAMEA1906433,85,ERP002469,85
ERR260217,WGS,202,1699498114,PRJEB1786,SAMEA1906420,1177947442,CHALMERS UNIVERSITY OF TECHNOLOGY,public,"sra,fastq","gs,ena,s3","s3.us-east-1,ena,gs.US",2013-05-16,2013-05-16,2018-11-16,2021-03-19,ERX234805,SAMEA1906420,CHALMERS,Chalmers University of Technology,2013-05-16T17:02:25Z,2021-03-19T12:07:44Z,public,Illumina HiSeq 2000,unspecified,PAIRED,RANDOM,METAGENOMIC,human metagenome,ILLUMINA,2013-05-27T00:00:00Z,SAMEA1906420,86,ERP002469,86
ERR260218,WGS,202,1397757180,PRJEB1786,SAMEA1906556,967369525,CHALMERS UNIVERSITY OF TECHNOLOGY,public,"fastq,sra","s3,ena,gs","gs.US,ena,s3.us-east-1",2013-05-16,2013-05-16,2018-11-16,2021-03-19,ERX234806,SAMEA1906556,CHALMERS,Chalmers University of Technology,2013-05-16T17:02:25Z,2021-03-19T12:07:44Z,public,Illumina HiSeq 2000,unspecified,PAIRED,RANDOM,METAGENOMIC,human metagenome,ILLUMINA,2013-05-27T00:00:00Z,SAMEA1906556,87,ERP002469,87
ERR260219,WGS,202,1153977722,PRJEB1786,SAMEA1906564,817656908,CHALMERS UNIVERSITY OF TECHNOLOGY,public,"fastq,sra","ena,s3,gs","ena,gs.US,s3.us-east-1",2013-05-16,2013-05-16,2018-11-16,2021-03-19,ERX234807,SAMEA1906564,CHALMERS,Chalmers University of Technology,2013-05-16T17:02:25Z,2021-03-19T12:07:44Z,public,Illumina HiSeq 2000,unspecified,PAIRED,RANDOM,METAGENOMIC,human metagenome,ILLUMINA,2013-05-27T00:00:00Z,SAMEA1906564,88,ERP002469,88
ERR260220,WGS,202,2557243442,PRJEB1786,SAMEA1906510,1809362425,CHALMERS UNIVERSITY OF TECHNOLOGY,public,"sra,fastq","ena,s3,gs","s3.us-east-1,gs.US,ena",2013-05-16,2013-05-16,2018-11-16,2021-03-19,ERX234808,SAMEA1906510,CHALMERS,Chalmers University of Technology,2013-05-16T17:02:25Z,2021-03-19T12:07:44Z,public,Illumina HiSeq 2000,unspecified,PAIRED,RANDOM,METAGENOMIC,human metagenome,ILLUMINA,2013-05-27T00:00:00Z,SAMEA1906510,89,ERP002469,89
ERR260221,WGS,202,1546072246,PRJEB1786,SAMEA1906530,1087781888,CHALMERS UNIVERSITY OF TECHNOLOGY,public,"sra,fastq","ena,gs,s3","s3.us-east-1,ena,gs.US",2013-05-16,2013-05-16,2018-11-16,2021-03-19,ERX234809,SAMEA1906530,CHALMERS,Chalmers University of Technology,2013-05-16T17:02:25Z,2021-03-19T12:07:43Z,public,Illumina HiSeq 2000,unspecified,PAIRED,RANDOM,METAGENOMIC,human metagenome,ILLUMINA,2013-05-27T00:00:00Z,SAMEA1906530,90,ERP002469,90
ERR260222,WGS,202,1435723080,PRJEB1786,SAMEA1906544,991122269,CHALMERS UNIVERSITY OF TECHNOLOGY,public,"sra,fastq","ena,s3,gs","s3.us-east-1,gs.US,ena",2013-05-16,2013-05-16,2018-11-16,2021-03-19,ERX234810,SAMEA1906544,CHALMERS,Chalmers University of Technology,2013-05-16T17:02:25Z,2021-03-19T12:07:44Z,public,Illumina HiSeq 2000,unspecified,PAIRED,RANDOM,METAGENOMIC,human metagenome,ILLUMINA,2013-05-27T00:00:00Z,SAMEA1906544,91,ERP002469,91
ERR260223,WGS,202,1266123274,PRJEB1786,SAMEA1906464,892975122,CHALMERS UNIVERSITY OF TECHNOLOGY,public,"fastq,sra","s3,gs,ena","s3.us-east-1,ena,gs.US",2013-05-16,2013-05-16,2018-11-16,2021-03-19,ERX234811,SAMEA1906464,CHALMERS,Chalmers University of Technology,2013-05-16T17:02:25Z,2021-03-19T12:07:43Z,public,Illumina HiSeq 2000,unspecified,PAIRED,RANDOM,METAGENOMIC,human metagenome,ILLUMINA,2013-05-27T00:00:00Z,SAMEA1906464,92,ERP002469,92
ERR260224,WGS,202,2765273748,PRJEB1786,SAMEA1906493,1955563917,CHALMERS UNIVERSITY OF TECHNOLOGY,public,"fastq,sra","s3,gs,ena","s3.us-east-1,gs.US,ena",2013-05-16,2013-05-16,2018-11-16,2021-03-19,ERX234812,SAMEA1906493,CHALMERS,Chalmers University of Technology,2013-05-16T17:02:25Z,2021-03-19T12:07:43Z,public,Illumina HiSeq 2000,unspecified,PAIRED,RANDOM,METAGENOMIC,human metagenome,ILLUMINA,2013-05-27T00:00:00Z,SAMEA1906493,93,ERP002469,93
ERR260225,WGS,202,1880622222,PRJEB1786,SAMEA1906418,1363576686,CHALMERS UNIVERSITY OF TECHNOLOGY,public,"fastq,sra","gs,ena,s3","gs.US,ena,s3.us-east-1",2013-05-16,2013-05-16,2018-11-16,2021-03-19,ERX234813,SAMEA1906418,CHALMERS,Chalmers University of Technology,2013-05-16T17:02:25Z,2021-03-19T12:07:44Z,public,Illumina HiSeq 2000,unspecified,PAIRED,RANDOM,METAGENOMIC,human metagenome,ILLUMINA,2013-05-27T00:00:00Z,SAMEA1906418,94,ERP002469,94
ERR260226,WGS,202,2757221826,PRJEB1786,SAMEA1906569,1984819787,CHALMERS UNIVERSITY OF TECHNOLOGY,public,"sra,fastq","ena,s3,gs","gs.US,ena,s3.us-east-1",2013-05-16,2013-05-16,2018-11-16,2021-03-19,ERX234814,SAMEA1906569,CHALMERS,Chalmers University of Technology,2013-05-16T17:02:25Z,2021-03-19T12:07:43Z,public,Illumina HiSeq 2000,unspecified,PAIRED,RANDOM,METAGENOMIC,human metagenome,ILLUMINA,2013-05-27T00:00:00Z,SAMEA1906569,95,ERP002469,95
ERR260227,WGS,202,2215989086,PRJEB1786,SAMEA1906576,1573140521,CHALMERS UNIVERSITY OF TECHNOLOGY,public,"sra,fastq","gs,s3,ena","gs.US,s3.us-east-1,ena",2013-05-16,2013-05-16,2018-11-16,2021-03-19,ERX234815,SAMEA1906576,CHALMERS,Chalmers University of Technology,2013-05-16T17:02:25Z,2021-03-19T12:07:44Z,public,Illumina HiSeq 2000,unspecified,PAIRED,RANDOM,METAGENOMIC,human metagenome,ILLUMINA,2013-05-27T00:00:00Z,SAMEA1906576,96,ERP002469,96
ERR260228,WGS,202,3848483598,PRJEB1786,SAMEA1906526,2590193428,CHALMERS UNIVERSITY OF TECHNOLOGY,public,"fastq,sra","ena,s3,gs","s3.us-east-1,gs.US,ena",2013-05-16,2013-05-16,2018-11-16,2021-03-19,ERX234816,SAMEA1906526,CHALMERS,Chalmers University of Technology,2013-05-16T17:02:25Z,2021-03-19T12:07:44Z,public,Illumina HiSeq 2000,unspecified,PAIRED,RANDOM,METAGENOMIC,human metagenome,ILLUMINA,2013-05-27T00:00:00Z,SAMEA1906526,97,ERP002469,97
ERR260229,WGS,202,2900968460,PRJEB1786,SAMEA1906543,2135351197,CHALMERS UNIVERSITY OF TECHNOLOGY,public,"sra,fastq","ena,s3,gs","gs.US,ena,s3.us-east-1",2013-05-16,2013-05-16,2018-11-16,2021-03-19,ERX234817,SAMEA1906543,CHALMERS,Chalmers University of Technology,2013-05-16T17:02:25Z,2021-03-19T12:07:44Z,public,Illumina HiSeq 2000,unspecified,PAIRED,RANDOM,METAGENOMIC,human metagenome,ILLUMINA,2013-05-27T00:00:00Z,SAMEA1906543,98,ERP002469,98
ERR260230,WGS,202,1996491240,PRJEB1786,SAMEA1906458,1486537168,CHALMERS UNIVERSITY OF TECHNOLOGY,public,"sra,fastq","ena,gs,s3","s3.us-east-1,ena,gs.US",2013-05-16,2013-05-16,2018-11-16,2021-03-19,ERX234818,SAMEA1906458,CHALMERS,Chalmers University of Technology,2013-05-16T17:02:25Z,2021-03-19T12:07:44Z,public,Illumina HiSeq 2000,unspecified,PAIRED,RANDOM,METAGENOMIC,human metagenome,ILLUMINA,2013-05-27T00:00:00Z,SAMEA1906458,99,ERP002469,99
ERR260231,WGS,202,2099276314,PRJEB1786,SAMEA1906487,1558328769,CHALMERS UNIVERSITY OF TECHNOLOGY,public,"sra,fastq","ena,gs,s3","ena,s3.us-east-1,gs.US",2013-05-16,2013-05-16,2018-11-16,2021-03-19,ERX234819,SAMEA1906487,CHALMERS,Chalmers University of Technology,2013-05-16T17:02:25Z,2021-03-19T12:07:43Z,public,Illumina HiSeq 2000,unspecified,PAIRED,RANDOM,METAGENOMIC,human metagenome,ILLUMINA,2013-05-27T00:00:00Z,SAMEA1906487,100,ERP002469,100
ERR260232,WGS,202,1885347204,PRJEB1786,SAMEA1906415,1398215104,CHALMERS UNIVERSITY OF TECHNOLOGY,public,"sra,fastq","s3,ena,gs","s3.us-east-1,gs.US,ena",2013-05-16,2013-05-16,2018-11-16,2021-03-19,ERX234820,SAMEA1906415,CHALMERS,Chalmers University of Technology,2013-05-16T17:02:25Z,2021-03-19T12:07:43Z,public,Illumina HiSeq 2000,unspecified,PAIRED,RANDOM,METAGENOMIC,human metagenome,ILLUMINA,2013-05-27T00:00:00Z,SAMEA1906415,101,ERP002469,101
ERR260233,WGS,202,2088164698,PRJEB1786,SAMEA1906430,1556914719,CHALMERS UNIVERSITY OF TECHNOLOGY,public,"fastq,sra","ena,s3,gs","ena,gs.US,s3.us-east-1",2013-05-16,2013-05-16,2018-11-16,2021-03-19,ERX234821,SAMEA1906430,CHALMERS,Chalmers University of Technology,2013-05-16T17:02:25Z,2021-03-19T12:07:44Z,public,Illumina HiSeq 2000,unspecified,PAIRED,RANDOM,METAGENOMIC,human metagenome,ILLUMINA,2013-05-27T00:00:00Z,SAMEA1906430,102,ERP002469,102
ERR260235,WGS,202,1521783362,PRJEB1786,SAMEA1906572,1129244020,CHALMERS UNIVERSITY OF TECHNOLOGY,public,"fastq,sra","ena,gs,s3","s3.us-east-1,ena,gs.US",2013-05-16,2013-05-16,2018-11-16,2021-03-19,ERX234823,SAMEA1906572,CHALMERS,Chalmers University of Technology,2013-05-16T17:02:25Z,2021-03-19T12:07:44Z,public,Illumina HiSeq 2000,unspecified,PAIRED,RANDOM,METAGENOMIC,human metagenome,ILLUMINA,2013-05-27T00:00:00Z,SAMEA1906572,104,ERP002469,104
ERR260236,WGS,202,2035785088,PRJEB1786,SAMEA1906555,1510203813,CHALMERS UNIVERSITY OF TECHNOLOGY,public,"sra,fastq","ena,gs,s3","ena,s3.us-east-1,gs.US",2013-05-16,2013-05-16,2018-11-16,2021-03-19,ERX234824,SAMEA1906555,CHALMERS,Chalmers University of Technology,2013-05-16T17:02:25Z,2021-03-19T12:07:44Z,public,Illumina HiSeq 2000,unspecified,PAIRED,RANDOM,METAGENOMIC,human metagenome,ILLUMINA,2013-05-27T00:00:00Z,SAMEA1906555,105,ERP002469,105
ERR260238,WGS,202,2836099796,PRJEB1786,SAMEA1906497,2098794117,CHALMERS UNIVERSITY OF TECHNOLOGY,public,"fastq,sra","ena,gs,s3","s3.us-east-1,gs.US,ena",2013-05-16,2013-05-16,2018-11-16,2021-03-19,ERX234826,SAMEA1906497,CHALMERS,Chalmers University of Technology,2013-05-16T17:02:25Z,2021-03-19T12:07:43Z,public,Illumina HiSeq 2000,unspecified,PAIRED,RANDOM,METAGENOMIC,human metagenome,ILLUMINA,2013-05-27T00:00:00Z,SAMEA1906497,107,ERP002469,107
ERR260239,WGS,202,2577105900,PRJEB1786,SAMEA1906533,1790886106,CHALMERS UNIVERSITY OF TECHNOLOGY,public,"fastq,sra","gs,ena","gs.US,ena",2013-05-16,2013-05-16,2018-11-16,2021-03-19,ERX234827,SAMEA1906533,CHALMERS,Chalmers University of Technology,2013-05-16T17:02:25Z,2021-03-19T12:07:44Z,public,Illumina HiSeq 2000,unspecified,PAIRED,RANDOM,METAGENOMIC,human metagenome,ILLUMINA,2013-05-27T00:00:00Z,SAMEA1906533,108,ERP002469,108
ERR260242,WGS,202,1601761828,PRJEB1786,SAMEA1906491,1110613725,CHALMERS UNIVERSITY OF TECHNOLOGY,public,"fastq,sra","gs,s3,ena","s3.us-east-1,gs.US,ena",2013-05-16,2013-05-16,2018-11-16,2021-03-19,ERX234830,SAMEA1906491,CHALMERS,Chalmers University of Technology,2013-05-16T17:02:25Z,2021-03-19T12:07:44Z,public,Illumina HiSeq 2000,unspecified,PAIRED,RANDOM,METAGENOMIC,human metagenome,ILLUMINA,2013-05-27T00:00:00Z,SAMEA1906491,111,ERP002469,111
ERR260243,WGS,202,2297022396,PRJEB1786,SAMEA1906417,1566168121,CHALMERS UNIVERSITY OF TECHNOLOGY,public,"fastq,sra","s3,gs,ena","ena,s3.us-east-1,gs.US",2013-05-16,2013-05-16,2018-11-16,2021-03-19,ERX234831,SAMEA1906417,CHALMERS,Chalmers University of Technology,2013-05-16T17:02:25Z,2021-03-19T12:07:44Z,public,Illumina HiSeq 2000,unspecified,PAIRED,RANDOM,METAGENOMIC,human metagenome,ILLUMINA,2013-05-27T00:00:00Z,SAMEA1906417,112,ERP002469,112
ERR260244,WGS,202,1939606828,PRJEB1786,SAMEA1906438,1329445640,CHALMERS UNIVERSITY OF TECHNOLOGY,public,"fastq,sra","gs,ena,s3","gs.US,ena,s3.us-east-1",2013-05-16,2013-05-16,2018-11-16,2021-03-19,ERX234832,SAMEA1906438,CHALMERS,Chalmers University of Technology,2013-05-16T17:02:25Z,2021-03-19T12:07:44Z,public,Illumina HiSeq 2000,unspecified,PAIRED,RANDOM,METAGENOMIC,human metagenome,ILLUMINA,2013-05-27T00:00:00Z,SAMEA1906438,113,ERP002469,113
ERR260246,WGS,202,2489746758,PRJEB1786,SAMEA1906550,1708328970,CHALMERS UNIVERSITY OF TECHNOLOGY,public,"sra,fastq","ena,gs,s3","s3.us-east-1,ena,gs.US",2013-05-16,2013-05-16,2018-11-16,2021-03-19,ERX234834,SAMEA1906550,CHALMERS,Chalmers University of Technology,2013-05-16T17:02:25Z,2021-03-19T12:07:44Z,public,Illumina HiSeq 2000,unspecified,PAIRED,RANDOM,METAGENOMIC,human metagenome,ILLUMINA,2013-05-27T00:00:00Z,SAMEA1906550,115,ERP002469,115
ERR260248,WGS,202,2282760388,PRJEB1786,SAMEA1906429,1584714611,CHALMERS UNIVERSITY OF TECHNOLOGY,public,"fastq,sra","ena,gs,s3","ena,gs.US,s3.us-east-1",2013-05-16,2013-05-16,2018-11-16,2021-03-19,ERX234836,SAMEA1906429,CHALMERS,Chalmers University of Technology,2013-05-16T17:02:25Z,2021-03-19T12:07:44Z,public,Illumina HiSeq 2000,unspecified,PAIRED,RANDOM,METAGENOMIC,human metagenome,ILLUMINA,2013-05-27T00:00:00Z,SAMEA1906429,117,ERP002469,117
ERR260249,WGS,202,1954234860,PRJEB1786,SAMEA1906447,1442730259,CHALMERS UNIVERSITY OF TECHNOLOGY,public,"fastq,sra","s3,gs,ena","gs.US,s3.us-east-1,ena",2013-05-16,2013-05-16,2018-11-16,2021-03-19,ERX234837,SAMEA1906447,CHALMERS,Chalmers University of Technology,2013-05-16T17:02:25Z,2021-03-19T12:07:44Z,public,Illumina HiSeq 2000,unspecified,PAIRED,RANDOM,METAGENOMIC,human metagenome,ILLUMINA,2013-05-27T00:00:00Z,SAMEA1906447,118,ERP002469,118
ERR260251,WGS,202,2503143600,PRJEB1786,SAMEA1906460,1795560196,CHALMERS UNIVERSITY OF TECHNOLOGY,public,"fastq,sra","s3,gs,ena","gs.US,s3.us-east-1,ena",2013-05-16,2013-05-16,2018-11-16,2021-03-19,ERX234839,SAMEA1906460,CHALMERS,Chalmers University of Technology,2013-05-16T17:02:25Z,2021-03-19T12:07:44Z,public,Illumina HiSeq 2000,unspecified,PAIRED,RANDOM,METAGENOMIC,human metagenome,ILLUMINA,2013-05-27T00:00:00Z,SAMEA1906460,120,ERP002469,120
ERR260253,WGS,202,2480018034,PRJEB1786,SAMEA1906525,1806622082,CHALMERS UNIVERSITY OF TECHNOLOGY,public,"fastq,sra","s3,ena,gs","ena,s3.us-east-1,gs.US",2013-05-16,2013-05-16,2018-11-16,2021-03-19,ERX234841,SAMEA1906525,CHALMERS,Chalmers University of Technology,2013-05-16T17:02:25Z,2021-03-19T12:07:44Z,public,Illumina HiSeq 2000,unspecified,PAIRED,RANDOM,METAGENOMIC,human metagenome,ILLUMINA,2013-05-27T00:00:00Z,SAMEA1906525,122,ERP002469,122
ERR260254,WGS,202,2607637392,PRJEB1786,SAMEA1906532,1928259076,CHALMERS UNIVERSITY OF TECHNOLOGY,public,"fastq,sra","ena,gs,s3","s3.us-east-1,ena,gs.US",2013-05-16,2013-05-16,2018-11-16,2021-03-19,ERX234842,SAMEA1906532,CHALMERS,Chalmers University of Technology,2013-05-16T17:02:25Z,2021-03-19T12:07:44Z,public,Illumina HiSeq 2000,unspecified,PAIRED,RANDOM,METAGENOMIC,human metagenome,ILLUMINA,2013-05-27T00:00:00Z,SAMEA1906532,123,ERP002469,123
ERR260255,WGS,202,1999859186,PRJEB1786,SAMEA1906551,1428540488,CHALMERS UNIVERSITY OF TECHNOLOGY,public,"sra,fastq","gs,ena,s3","ena,s3.us-east-1,gs.US",2013-05-16,2013-05-16,2018-11-16,2021-03-19,ERX234843,SAMEA1906551,CHALMERS,Chalmers University of Technology,2013-05-16T17:02:25Z,2021-03-19T12:07:44Z,public,Illumina HiSeq 2000,unspecified,PAIRED,RANDOM,METAGENOMIC,human metagenome,ILLUMINA,2013-05-27T00:00:00Z,SAMEA1906551,124,ERP002469,124
ERR260257,WGS,202,4552459456,PRJEB1786,SAMEA1906425,3319535236,CHALMERS UNIVERSITY OF TECHNOLOGY,public,"fastq,sra","s3,gs,ena","gs.US,s3.us-east-1,ena",2013-05-16,2013-05-16,2018-11-16,2021-03-19,ERX234845,SAMEA1906425,CHALMERS,Chalmers University of Technology,2013-05-16T17:02:25Z,2021-03-19T12:07:44Z,public,Illumina HiSeq 2000,unspecified,PAIRED,RANDOM,METAGENOMIC,human metagenome,ILLUMINA,2013-05-27T00:00:00Z,SAMEA1906425,126,ERP002469,126
ERR260258,WGS,202,2389231154,PRJEB1786,SAMEA1906486,1723693337,CHALMERS UNIVERSITY OF TECHNOLOGY,public,"fastq,sra","s3,ena,gs","s3.us-east-1,ena,gs.US",2013-05-16,2013-05-16,2018-11-16,2021-03-19,ERX234846,SAMEA1906486,CHALMERS,Chalmers University of Technology,2013-05-16T17:02:25Z,2021-03-19T12:07:44Z,public,Illumina HiSeq 2000,unspecified,PAIRED,RANDOM,METAGENOMIC,human metagenome,ILLUMINA,2013-05-27T00:00:00Z,SAMEA1906486,127,ERP002469,127
ERR260261,WGS,202,4053706508,PRJEB1786,SAMEA1906451,2674106485,CHALMERS UNIVERSITY OF TECHNOLOGY,public,"fastq,sra","ena,s3,gs","s3.us-east-1,ena,gs.US",2013-05-16,2013-05-16,2018-11-16,2021-03-19,ERX234849,SAMEA1906451,CHALMERS,Chalmers University of Technology,2013-05-16T17:02:25Z,2021-03-19T12:07:44Z,public,Illumina HiSeq 2000,unspecified,PAIRED,RANDOM,METAGENOMIC,human metagenome,ILLUMINA,2013-05-27T00:00:00Z,SAMEA1906451,130,ERP002469,130
ERR260262,WGS,202,2995481028,PRJEB1786,SAMEA1906466,2024172296,CHALMERS UNIVERSITY OF TECHNOLOGY,public,"sra,fastq","gs,s3,ena","ena,gs.US,s3.us-east-1",2013-05-16,2013-05-16,2018-11-16,2021-03-19,ERX234850,SAMEA1906466,CHALMERS,Chalmers University of Technology,2013-05-16T17:02:25Z,2021-03-19T12:07:44Z,public,Illumina HiSeq 2000,unspecified,PAIRED,RANDOM,METAGENOMIC,human metagenome,ILLUMINA,2013-05-27T00:00:00Z,SAMEA1906466,131,ERP002469,131
ERR260264,WGS,202,4952644484,PRJEB1786,SAMEA1906427,3321680010,CHALMERS UNIVERSITY OF TECHNOLOGY,public,"sra,fastq","gs,ena,s3","s3.us-east-1,ena,gs.US",2013-05-16,2013-05-16,2018-11-16,2021-03-19,ERX234852,SAMEA1906427,CHALMERS,Chalmers University of Technology,2013-05-16T17:02:25Z,2021-03-19T12:07:44Z,public,Illumina HiSeq 2000,unspecified,PAIRED,RANDOM,METAGENOMIC,human metagenome,ILLUMINA,2013-05-27T00:00:00Z,SAMEA1906427,133,ERP002469,133
ERR260265,WGS,202,4448436324,PRJEB1786,SAMEA1906563,2997495351,CHALMERS UNIVERSITY OF TECHNOLOGY,public,"fastq,sra","ena,gs,s3","s3.us-east-1,ena,gs.US",2013-05-16,2013-05-16,2018-11-16,2021-03-19,ERX234853,SAMEA1906563,CHALMERS,Chalmers University of Technology,2013-05-16T17:02:25Z,2021-03-19T12:07:44Z,public,Illumina HiSeq 2000,unspecified,PAIRED,RANDOM,METAGENOMIC,human metagenome,ILLUMINA,2013-05-27T00:00:00Z,SAMEA1906563,134,ERP002469,134
ERR260266,WGS,202,3926410956,PRJEB1786,SAMEA1906520,2619686581,CHALMERS UNIVERSITY OF TECHNOLOGY,public,"sra,fastq","s3,gs,ena","gs.US,ena,s3.us-east-1",2013-05-16,2013-05-16,2018-11-16,2021-03-19,ERX234854,SAMEA1906520,CHALMERS,Chalmers University of Technology,2013-05-16T17:02:25Z,2021-03-19T12:07:44Z,public,Illumina HiSeq 2000,unspecified,PAIRED,RANDOM,METAGENOMIC,human metagenome,ILLUMINA,2013-05-27T00:00:00Z,SAMEA1906520,135,ERP002469,135
ERR260268,WGS,192,797799936,PRJEB1786,SAMEA1906453,532761849,CHALMERS UNIVERSITY OF TECHNOLOGY,public,"sra,fastq","s3,gs,ena","s3.us-east-1,ena,gs.US",2013-05-16,2013-05-16,2018-11-16,2021-03-19,ERX234856,SAMEA1906453,CHALMERS,Chalmers University of Technology,2013-05-16T17:02:25Z,2021-03-19T12:07:44Z,public,Illumina HiSeq 2000,unspecified,PAIRED,RANDOM,METAGENOMIC,human metagenome,ILLUMINA,2013-05-27T00:00:00Z,SAMEA1906453,137,ERP002469,137
ERR260269,WGS,192,966913152,PRJEB1786,SAMEA1906494,657572887,CHALMERS UNIVERSITY OF TECHNOLOGY,public,"sra,fastq","ena,gs,s3","gs.US,ena,s3.us-east-1",2013-05-16,2013-05-16,2018-11-16,2021-03-19,ERX234857,SAMEA1906494,CHALMERS,Chalmers University of Technology,2013-05-16T17:02:25Z,2021-03-19T12:07:44Z,public,Illumina HiSeq 2000,unspecified,PAIRED,RANDOM,METAGENOMIC,human metagenome,ILLUMINA,2013-05-27T00:00:00Z,SAMEA1906494,138,ERP002469,138
ERR260272,WGS,192,789010752,PRJEB1786,SAMEA1906562,538518139,CHALMERS UNIVERSITY OF TECHNOLOGY,public,"fastq,sra","s3,ena,gs","s3.us-east-1,ena,gs.US",2013-05-16,2013-05-16,2018-11-16,2021-03-19,ERX234860,SAMEA1906562,CHALMERS,Chalmers University of Technology,2013-05-16T17:02:25Z,2021-03-19T12:07:44Z,public,Illumina HiSeq 2000,unspecified,PAIRED,RANDOM,METAGENOMIC,human metagenome,ILLUMINA,2013-05-27T00:00:00Z,SAMEA1906562,141,ERP002469,141
ERR260273,WGS,192,820824384,PRJEB1786,SAMEA1906549,559610387,CHALMERS UNIVERSITY OF TECHNOLOGY,public,"sra,fastq","ena,gs,s3","ena,s3.us-east-1,gs.US",2013-05-16,2013-05-16,2018-11-16,2021-03-19,ERX234861,SAMEA1906549,CHALMERS,Chalmers University of Technology,2013-05-16T17:02:25Z,2021-03-19T12:07:44Z,public,Illumina HiSeq 2000,unspecified,PAIRED,RANDOM,METAGENOMIC,human metagenome,ILLUMINA,2013-05-27T00:00:00Z,SAMEA1906549,142,ERP002469,142
ERR260274,WGS,192,1145858688,PRJEB1786,SAMEA1906566,787673031,CHALMERS UNIVERSITY OF TECHNOLOGY,public,"sra,fastq","s3,ena,gs","ena,s3.us-east-1,gs.US",2013-05-16,2013-05-16,2018-11-16,2021-03-19,ERX234862,SAMEA1906566,CHALMERS,Chalmers University of Technology,2013-05-16T17:02:25Z,2021-03-19T12:07:44Z,public,Illumina HiSeq 2000,unspecified,PAIRED,RANDOM,METAGENOMIC,human metagenome,ILLUMINA,2013-05-27T00:00:00Z,SAMEA1906566,143,ERP002469,143
ERR260275,WGS,192,1090824000,PRJEB1786,SAMEA1906507,721174082,CHALMERS UNIVERSITY OF TECHNOLOGY,public,"fastq,sra","gs,ena,s3","ena,s3.us-east-1,gs.US",2013-05-16,2013-05-16,2018-11-16,2021-03-19,ERX234863,SAMEA1906507,CHALMERS,Chalmers University of Technology,2013-05-16T17:02:25Z,2021-03-19T12:07:44Z,public,Illumina HiSeq 2000,unspecified,PAIRED,RANDOM,METAGENOMIC,human metagenome,ILLUMINA,2013-05-27T00:00:00Z,SAMEA1906507,144,ERP002469,144
ERR260234,WGS,202,2482589292,PRJEB1786,SAMEA1906448,1851990483,CHALMERS UNIVERSITY OF TECHNOLOGY,public,"sra,fastq","ena,gs,s3","ena,s3.us-east-1,gs.US",2013-05-16,2013-05-16,2018-11-16,2021-03-19,ERX234822,SAMEA1906448,CHALMERS,Chalmers University of Technology,2013-05-16T17:02:25Z,2021-03-19T12:07:43Z,public,Illumina HiSeq 2000,unspecified,PAIRED,RANDOM,METAGENOMIC,human metagenome,ILLUMINA,2013-05-27T00:00:00Z,SAMEA1906448,103,ERP002469,103
ERR260237,WGS,202,2745456134,PRJEB1786,SAMEA1906567,2053084253,CHALMERS UNIVERSITY OF TECHNOLOGY,public,"fastq,sra","gs,s3,ena","gs.US,ena,s3.us-east-1",2013-05-16,2013-05-16,2018-11-16,2021-03-19,ERX234825,SAMEA1906567,CHALMERS,Chalmers University of Technology,2013-05-16T17:02:25Z,2021-03-19T12:07:43Z,public,Illumina HiSeq 2000,unspecified,PAIRED,RANDOM,METAGENOMIC,human metagenome,ILLUMINA,2013-05-27T00:00:00Z,SAMEA1906567,106,ERP002469,106
ERR260240,WGS,202,2673502926,PRJEB1786,SAMEA1906546,1872168016,CHALMERS UNIVERSITY OF TECHNOLOGY,public,"sra,fastq","gs,ena,s3","s3.us-east-1,gs.US,ena",2013-05-16,2013-05-16,2018-11-16,2021-03-19,ERX234828,SAMEA1906546,CHALMERS,Chalmers University of Technology,2013-05-16T17:02:25Z,2021-03-19T12:07:44Z,public,Illumina HiSeq 2000,unspecified,PAIRED,RANDOM,METAGENOMIC,human metagenome,ILLUMINA,2013-05-27T00:00:00Z,SAMEA1906546,109,ERP002469,109
ERR260241,WGS,202,2339488654,PRJEB1786,SAMEA1906472,1628171539,CHALMERS UNIVERSITY OF TECHNOLOGY,public,"fastq,sra","gs,s3,ena","ena,gs.US,s3.us-east-1",2013-05-16,2013-05-16,2018-11-16,2021-03-19,ERX234829,SAMEA1906472,CHALMERS,Chalmers University of Technology,2013-05-16T17:02:25Z,2021-03-19T12:07:44Z,public,Illumina HiSeq 2000,unspecified,PAIRED,RANDOM,METAGENOMIC,human metagenome,ILLUMINA,2013-05-27T00:00:00Z,SAMEA1906472,110,ERP002469,110
ERR260245,WGS,202,2711037556,PRJEB1786,SAMEA1906581,1875789129,CHALMERS UNIVERSITY OF TECHNOLOGY,public,"fastq,sra","ena,gs,s3","s3.us-east-1,ena,gs.US",2013-05-16,2013-05-16,2018-11-16,2021-03-19,ERX234833,SAMEA1906581,CHALMERS,Chalmers University of Technology,2013-05-16T17:02:25Z,2021-03-19T12:07:44Z,public,Illumina HiSeq 2000,unspecified,PAIRED,RANDOM,METAGENOMIC,human metagenome,ILLUMINA,2013-05-27T00:00:00Z,SAMEA1906581,114,ERP002469,114
ERR260247,WGS,202,2351107088,PRJEB1786,SAMEA1906575,1620769515,CHALMERS UNIVERSITY OF TECHNOLOGY,public,"sra,fastq","gs,s3,ena","ena,s3.us-east-1,gs.US",2013-05-16,2013-05-16,2018-11-16,2021-03-19,ERX234835,SAMEA1906575,CHALMERS,Chalmers University of Technology,2013-05-16T17:02:25Z,2021-03-19T12:07:44Z,public,Illumina HiSeq 2000,unspecified,PAIRED,RANDOM,METAGENOMIC,human metagenome,ILLUMINA,2013-05-27T00:00:00Z,SAMEA1906575,116,ERP002469,116
ERR260250,WGS,202,3307295096,PRJEB1786,SAMEA1906463,2412538004,CHALMERS UNIVERSITY OF TECHNOLOGY,public,"fastq,sra","ena,gs,s3","s3.us-east-1,ena,gs.US",2013-05-16,2013-05-16,2018-11-16,2021-03-19,ERX234838,SAMEA1906463,CHALMERS,Chalmers University of Technology,2013-05-16T17:02:25Z,2021-03-19T12:07:44Z,public,Illumina HiSeq 2000,unspecified,PAIRED,RANDOM,METAGENOMIC,human metagenome,ILLUMINA,2013-05-27T00:00:00Z,SAMEA1906463,119,ERP002469,119
ERR260252,WGS,202,2981401426,PRJEB1786,SAMEA1906474,2192508426,CHALMERS UNIVERSITY OF TECHNOLOGY,public,"sra,fastq","ena,gs,s3","ena,s3.us-east-1,gs.US",2013-05-16,2013-05-16,2018-11-16,2021-03-19,ERX234840,SAMEA1906474,CHALMERS,Chalmers University of Technology,2013-05-16T17:02:25Z,2021-03-19T12:07:44Z,public,Illumina HiSeq 2000,unspecified,PAIRED,RANDOM,METAGENOMIC,human metagenome,ILLUMINA,2013-05-27T00:00:00Z,SAMEA1906474,121,ERP002469,121
ERR260256,WGS,202,3014347020,PRJEB1786,SAMEA1906449,2224906888,CHALMERS UNIVERSITY OF TECHNOLOGY,public,"sra,fastq","s3,ena,gs","s3.us-east-1,gs.US,ena",2013-05-16,2013-05-16,2018-11-16,2021-03-19,ERX234844,SAMEA1906449,CHALMERS,Chalmers University of Technology,2013-05-16T17:02:25Z,2021-03-19T12:07:44Z,public,Illumina HiSeq 2000,unspecified,PAIRED,RANDOM,METAGENOMIC,human metagenome,ILLUMINA,2013-05-27T00:00:00Z,SAMEA1906449,125,ERP002469,125
ERR260259,WGS,202,3929291476,PRJEB1786,SAMEA1906459,2638940548,CHALMERS UNIVERSITY OF TECHNOLOGY,public,"fastq,sra","ena,gs,s3","ena,s3.us-east-1,gs.US",2013-05-16,2013-05-16,2018-11-16,2021-03-19,ERX234847,SAMEA1906459,CHALMERS,Chalmers University of Technology,2013-05-16T17:02:25Z,2021-03-19T12:07:44Z,public,Illumina HiSeq 2000,unspecified,PAIRED,RANDOM,METAGENOMIC,human metagenome,ILLUMINA,2013-05-27T00:00:00Z,SAMEA1906459,128,ERP002469,128
ERR260260,WGS,202,3874689260,PRJEB1786,SAMEA1906481,2616069877,CHALMERS UNIVERSITY OF TECHNOLOGY,public,"sra,fastq","ena,s3,gs","ena,s3.us-east-1,gs.US",2013-05-16,2013-05-16,2018-11-16,2021-03-19,ERX234848,SAMEA1906481,CHALMERS,Chalmers University of Technology,2013-05-16T17:02:25Z,2021-03-19T12:07:44Z,public,Illumina HiSeq 2000,unspecified,PAIRED,RANDOM,METAGENOMIC,human metagenome,ILLUMINA,2013-05-27T00:00:00Z,SAMEA1906481,129,ERP002469,129
ERR260263,WGS,202,4562815390,PRJEB1786,SAMEA1906443,3072084083,CHALMERS UNIVERSITY OF TECHNOLOGY,public,"sra,fastq","gs,ena,s3","gs.US,ena,s3.us-east-1",2013-05-16,2013-05-16,2018-11-16,2021-03-19,ERX234851,SAMEA1906443,CHALMERS,Chalmers University of Technology,2013-05-16T17:02:25Z,2021-03-19T12:07:44Z,public,Illumina HiSeq 2000,unspecified,PAIRED,RANDOM,METAGENOMIC,human metagenome,ILLUMINA,2013-05-27T00:00:00Z,SAMEA1906443,132,ERP002469,132
ERR260267,WGS,202,4078647852,PRJEB1786,SAMEA1906538,2751110593,CHALMERS UNIVERSITY OF TECHNOLOGY,public,"sra,fastq","gs,ena,s3","gs.US,ena,s3.us-east-1",2013-05-16,2013-05-16,2018-11-16,2021-03-19,ERX234855,SAMEA1906538,CHALMERS,Chalmers University of Technology,2013-05-16T17:02:25Z,2021-03-19T12:07:44Z,public,Illumina HiSeq 2000,unspecified,PAIRED,RANDOM,METAGENOMIC,human metagenome,ILLUMINA,2013-05-27T00:00:00Z,SAMEA1906538,136,ERP002469,136
ERR260270,WGS,192,1061488704,PRJEB1786,SAMEA1906428,712380404,CHALMERS UNIVERSITY OF TECHNOLOGY,public,"fastq,sra","s3,gs,ena","s3.us-east-1,ena,gs.US",2013-05-16,2013-05-16,2018-11-16,2021-03-19,ERX234858,SAMEA1906428,CHALMERS,Chalmers University of Technology,2013-05-16T17:02:25Z,2021-03-19T12:07:44Z,public,Illumina HiSeq 2000,unspecified,PAIRED,RANDOM,METAGENOMIC,human metagenome,ILLUMINA,2013-05-27T00:00:00Z,SAMEA1906428,139,ERP002469,139
ERR260271,WGS,192,761805504,PRJEB1786,SAMEA1906445,514179622,CHALMERS UNIVERSITY OF TECHNOLOGY,public,"fastq,sra","gs,ena,s3","s3.us-east-1,ena,gs.US",2013-05-16,2013-05-16,2018-11-16,2021-03-19,ERX234859,SAMEA1906445,CHALMERS,Chalmers University of Technology,2013-05-16T17:02:25Z,2021-03-19T12:07:44Z,public,Illumina HiSeq 2000,unspecified,PAIRED,RANDOM,METAGENOMIC,human metagenome,ILLUMINA,2013-05-27T00:00:00Z,SAMEA1906445,140,ERP002469,140
ERR260276,WGS,192,996047040,PRJEB1786,SAMEA1906439,688905870,CHALMERS UNIVERSITY OF TECHNOLOGY,public,"sra,fastq","s3,gs,ena","s3.us-east-1,gs.US,ena",2013-05-16,2013-05-16,2018-11-16,2021-03-19,ERX234864,SAMEA1906439,CHALMERS,Chalmers University of Technology,2013-05-16T17:02:25Z,2021-03-19T12:07:44Z,public,Illumina HiSeq 2000,unspecified,PAIRED,RANDOM,METAGENOMIC,human metagenome,ILLUMINA,2013-05-27T00:00:00Z,SAMEA1906439,145,ERP002469,145
